,nombre_evento,url_evento,codigo_postal,direccion,horario,organizacion,fecha_inicio,fecha_fin,nombre_ciudad
0,25º aniversario de la revista La Fragua,http://www.madrid.es/sites/v/index.jsp?vgnextchannel=ca9671ee4a9eb410VgnVCM100000171f5a0aRCRD&vgnextoid=1ea220bed10d4910VgnVCM2000001f4a900aRCRD,28005,"CALLE SAN JUSTO 5, Palacio, Centro",,Biblioteca Pública Municipal Iván de Vargas (Centro),2025-02-24,2025-03-02,Madrid
1,60 Premio Reina Sofía de Pintura y Escultura,http://www.madrid.es/sites/v/index.jsp?vgnextchannel=ca9671ee4a9eb410VgnVCM100000171f5a0aRCRD&vgnextoid=34c5130393e15910VgnVCM2000001f4a900aRCRD,28009,"PASEO COLOMBIA 1, LosJeronimos, Retiro",,Centro Cultural Casa de Vacas (Retiro),2025-02-27,2025-03-23,Madrid
2,A toda vela,http://www.madrid.es/sites/v/index.jsp?vgnextchannel=ca9671ee4a9eb410VgnVCM100000171f5a0aRCRD&vgnextoid=59d5e7da8b822910VgnVCM1000001d4a900aRCRD,28045,"PLAZA LEGAZPI 8, Chopera, Arganzuela",,Matadero Madrid,2024-10-01,2025-06-01,Madrid
3,Acompañamiento digital a personas mayores,http://www.madrid.es/sites/v/index.jsp?vgnextchannel=ca9671ee4a9eb410VgnVCM100000171f5a0aRCRD&vgnextoid=5b58d89ad2232910VgnVCM2000001f4a900aRCRD,0,No disponible,,No disponible,2024-10-14,2025-06-30,Madrid
4,Acompañar en la pérdida,http://www.madrid.es/sites/v/index.jsp?vgnextchannel=ca9671ee4a9eb410VgnVCM100000171f5a0aRCRD&vgnextoid=197023e4c84d3910VgnVCM2000001f4a900aRCRD,28029,"AVENIDA MONFORTE DE LEMOS 38, ElPilar, Fuencarral-ElPardo",17:00,Biblioteca Pública Municipal José Saramago (Fuencarral-El Pardo),2025-01-14,2025-06-17,Madrid
5,Activas en compañía: gimnasia de mantenimiento,http://www.madrid.es/sites/v/index.jsp?vgnextchannel=ca9671ee4a9eb410VgnVCM100000171f5a0aRCRD&vgnextoid=f93102b68bf54910VgnVCM2000001f4a900aRCRD,28022,"PLAZA EURIPIDES 1, Canillejas, SanBlas-Canillejas",12:00,Espacio de Igualdad Lucía Sánchez Saornil. San Blas-Canillejas,2025-01-13,2025-03-31,Madrid
6,Actividades mensuales de los centros de mayores del distrito Hortaleza,http://www.madrid.es/sites/v/index.jsp?vgnextchannel=ca9671ee4a9eb410VgnVCM100000171f5a0aRCRD&vgnextoid=315479485bdeb810VgnVCM1000001d4a900aRCRD,0,No disponible,,No disponible,2024-02-01,2025-07-13,Madrid
7,Almudena Lobera. Secuencia Plano Secuencia,http://www.madrid.es/sites/v/index.jsp?vgnextchannel=ca9671ee4a9eb410VgnVCM100000171f5a0aRCRD&vgnextoid=6f9e11c990735910VgnVCM1000001d4a900aRCRD,28014,"PLAZA CIBELES 1, LosJeronimos, Retiro",,CentroCentro,2025-02-13,2025-06-08,Madrid
8,Amantes de las series,http://www.madrid.es/sites/v/index.jsp?vgnextchannel=ca9671ee4a9eb410VgnVCM100000171f5a0aRCRD&vgnextoid=fab111c60bad4910VgnVCM2000001f4a900aRCRD,28045,"PASEO CHOPERA 10, Chopera, Arganzuela",17:30,Espacio de Igualdad Juana Doña. Arganzuela,2025-02-19,2025-03-12,Madrid
9,Andrea Canepa «Wasi qaymi (Lugar y tacto)»,http://www.madrid.es/sites/v/index.jsp?vgnextchannel=ca9671ee4a9eb410VgnVCM100000171f5a0aRCRD&vgnextoid=45f102a2fa0e1910VgnVCM1000001d4a900aRCRD,28015,"CALLE CONDE DUQUE 9, Universidad, Centro",,Centro de Cultura Contemporánea Conde Duque,2025-02-28,2025-05-18,Madrid
10,Apoyo a la autonomía,http://www.madrid.es/sites/v/index.jsp?vgnextchannel=ca9671ee4a9eb410VgnVCM100000171f5a0aRCRD&vgnextoid=1e67f7a45c701910VgnVCM1000001d4a900aRCRD,0,No disponible,,No disponible,2024-09-13,2025-06-20,Madrid
11,Artemisia. La magia de la luna,http://www.madrid.es/sites/v/index.jsp?vgnextchannel=ca9671ee4a9eb410VgnVCM100000171f5a0aRCRD&vgnextoid=91dbd257d6d70910VgnVCM1000001d4a900aRCRD,28045,"AVENIDA PLANETARIO 16, Legazpi, Arganzuela",18:00,Planetario de Madrid,2024-07-16,2025-12-28,Madrid
12,Artificios teatrales. La escena musical de los felices veinte,http://www.madrid.es/sites/v/index.jsp?vgnextchannel=ca9671ee4a9eb410VgnVCM100000171f5a0aRCRD&vgnextoid=6ed5f65f96c83910VgnVCM1000001d4a900aRCRD,28015,"CALLE AMANIEL 29, Universidad, Centro",,Centro Cultural Clara del Rey - Museo ABC (Centro),2024-10-16,2025-03-08,Madrid
13,ArTrics - Laboratorio de Creación 2024/25,http://www.madrid.es/sites/v/index.jsp?vgnextchannel=ca9671ee4a9eb410VgnVCM100000171f5a0aRCRD&vgnextoid=7ae9c00a26e12910VgnVCM1000001d4a900aRCRD,0,No disponible,,No disponible,2024-10-01,2025-07-31,Madrid
14,Asalto a la lectura. Tres cerditos y más,http://www.madrid.es/sites/v/index.jsp?vgnextchannel=ca9671ee4a9eb410VgnVCM100000171f5a0aRCRD&vgnextoid=6aec3e3332fe4910VgnVCM1000001d4a900aRCRD,28015,"CALLE AMANIEL 29, Universidad, Centro",11:00,Centro Cultural Clara del Rey - Museo ABC (Centro),2025-03-01,2025-03-01,Madrid
15,Asombro,http://www.madrid.es/sites/v/index.jsp?vgnextchannel=ca9671ee4a9eb410VgnVCM100000171f5a0aRCRD&vgnextoid=85b965d37f624910VgnVCM1000001d4a900aRCRD,28045,"PLAZA LEGAZPI 8, Chopera, Arganzuela",,Matadero Madrid,2025-01-18,2025-03-23,Madrid
16,Atlantiques + Dahomey,http://www.madrid.es/sites/v/index.jsp?vgnextchannel=ca9671ee4a9eb410VgnVCM100000171f5a0aRCRD&vgnextoid=3b9464926f415910VgnVCM1000001d4a900aRCRD,28045,"PLAZA LEGAZPI 8, Chopera, Arganzuela",19:30,Cineteca Madrid,2025-03-01,2025-03-01,Madrid
17,Baile de Carnaval. Concierto de Origen,http://www.madrid.es/sites/v/index.jsp?vgnextchannel=ca9671ee4a9eb410VgnVCM100000171f5a0aRCRD&vgnextoid=1551fcf4aade4910VgnVCM2000001f4a900aRCRD,0,No disponible,19:30,No disponible,2025-03-01,2025-03-01,Madrid
18,Baile de Carnaval. Concierto de Versioneta,http://www.madrid.es/sites/v/index.jsp?vgnextchannel=ca9671ee4a9eb410VgnVCM100000171f5a0aRCRD&vgnextoid=ae02fcf4aade4910VgnVCM2000001f4a900aRCRD,0,No disponible,21:15,No disponible,2025-03-01,2025-03-01,Madrid
19,Baile de Mayores en Centro Cultural Almirante Churruca,http://www.madrid.es/sites/v/index.jsp?vgnextchannel=ca9671ee4a9eb410VgnVCM100000171f5a0aRCRD&vgnextoid=beaf2f9cb66d1610VgnVCM2000001f4a900aRCRD,28024,"CALLE FUENTE DEL TIRO 72, LasAguilas, Latina",16:30,Centro Sociocultural Almirante Churruca (Latina),2024-10-04,2025-06-27,Madrid
20,Baile de Mayores en Centro Sociocultural El Greco,http://www.madrid.es/sites/v/index.jsp?vgnextchannel=ca9671ee4a9eb410VgnVCM100000171f5a0aRCRD&vgnextoid=77922f9cb66d1610VgnVCM2000001f4a900aRCRD,28011,"CALLE EL GRECO 29, Lucero, Latina",18:00,Centro Sociocultural El Greco (Latina),2024-10-03,2025-06-26,Madrid
21,Beethoven. Del corazón al corazón,http://www.madrid.es/sites/v/index.jsp?vgnextchannel=ca9671ee4a9eb410VgnVCM100000171f5a0aRCRD&vgnextoid=3cd9168eeb173910VgnVCM1000001d4a900aRCRD,28014,"CALLE ALAMEDA 15, Cortes, Centro",,Espacio Cultural Serrería Belga,2024-12-03,2025-03-30,Madrid
22,Biblioajedrez,http://www.madrid.es/sites/v/index.jsp?vgnextchannel=ca9671ee4a9eb410VgnVCM100000171f5a0aRCRD&vgnextoid=37340defdf5e1910VgnVCM2000001f4a900aRCRD,28024,"CALLE GRANJA DE TORREHERMOSA 1, Aluche, Latina",18:00,Biblioteca Pública Municipal Ángel González (Latina),2024-09-30,2025-05-26,Madrid
23,Black sad women,http://www.madrid.es/sites/v/index.jsp?vgnextchannel=ca9671ee4a9eb410VgnVCM100000171f5a0aRCRD&vgnextoid=b24fa8c219315910VgnVCM2000001f4a900aRCRD,28022,"CALLE BOLTAÑA 27, Canillejas, SanBlas-Canillejas",19:00,Centro Cultural Buero Vallejo (San Blas - Canillejas),2025-03-02,2025-03-02,Madrid
24,Bodegones y Madrid,http://www.madrid.es/sites/v/index.jsp?vgnextchannel=ca9671ee4a9eb410VgnVCM100000171f5a0aRCRD&vgnextoid=a903ec7bdcf54910VgnVCM1000001d4a900aRCRD,28022,"CALLE FEBRERO 4, Rejas, SanBlas-Canillejas",,Centro Cultural José Luis López Vázquez (San Blas - Canillejas),2025-02-01,2025-03-31,Madrid
25,By Lucipun ' Muladar creativo',http://www.madrid.es/sites/v/index.jsp?vgnextchannel=ca9671ee4a9eb410VgnVCM100000171f5a0aRCRD&vgnextoid=32d3ef5066735910VgnVCM2000001f4a900aRCRD,28001,"CALLE NUÑEZ DE BALBOA 40, Recoletos, Salamanca",,"Espacio Cultural Núñez de Balboa, 40 (Salamanca)",2025-03-01,2025-03-21,Madrid
26,Caminamos juntas,http://www.madrid.es/sites/v/index.jsp?vgnextchannel=ca9671ee4a9eb410VgnVCM100000171f5a0aRCRD&vgnextoid=a54e02b68bf54910VgnVCM2000001f4a900aRCRD,28022,"PLAZA EURIPIDES 1, Canillejas, SanBlas-Canillejas",10:30,Espacio de Igualdad Lucía Sánchez Saornil. San Blas-Canillejas,2025-01-07,2025-03-25,Madrid
27,Camino hacia la autonomía financiera,http://www.madrid.es/sites/v/index.jsp?vgnextchannel=ca9671ee4a9eb410VgnVCM100000171f5a0aRCRD&vgnextoid=8b24e4778bbc4910VgnVCM2000001f4a900aRCRD,28045,"PASEO CHOPERA 10, Chopera, Arganzuela",10:30,Espacio de Igualdad Juana Doña. Arganzuela,2025-02-12,2025-03-05,Madrid
28,Campamento de carnaval y fiestas del mundo,http://www.madrid.es/sites/v/index.jsp?vgnextchannel=ca9671ee4a9eb410VgnVCM100000171f5a0aRCRD&vgnextoid=c61c239147bd4910VgnVCM2000001f4a900aRCRD,28028,"CALLE BOSTON 3, Guindalera, Salamanca",,Colegio Público Guindalera,2025-02-28,2025-03-03,Madrid
29,Campamentos urbanos Días sin cole. Distrito San Blas - Canillejas,http://www.madrid.es/sites/v/index.jsp?vgnextchannel=ca9671ee4a9eb410VgnVCM100000171f5a0aRCRD&vgnextoid=7859110d84384910VgnVCM2000001f4a900aRCRD,28022,"AVENIDA CANILLEJAS A VICALVARO 56, Hellin, SanBlas-Canillejas",,Colegio Público Alberto Alcocer,2025-02-28,2025-03-03,Madrid
30,Caperucita camina sola,http://www.madrid.es/sites/v/index.jsp?vgnextchannel=ca9671ee4a9eb410VgnVCM100000171f5a0aRCRD&vgnextoid=1166d242f8884910VgnVCM2000001f4a900aRCRD,0,No disponible,,No disponible,2025-02-20,2025-03-09,Madrid
31,Carnaval en familia. Espectáculo familiar. Carnaval en la pista de circo,http://www.madrid.es/sites/v/index.jsp?vgnextchannel=ca9671ee4a9eb410VgnVCM100000171f5a0aRCRD&vgnextoid=2d22157fd8e15910VgnVCM1000001d4a900aRCRD,28042,"CALLE BOTICA 7, CascoHBarajas, Barajas",12:30,Centro Cultural - Centro Socio Cultural Villa de Barajas,2025-03-01,2025-03-01,Madrid
32,Carnaval en Matadero,http://www.madrid.es/sites/v/index.jsp?vgnextchannel=ca9671ee4a9eb410VgnVCM100000171f5a0aRCRD&vgnextoid=38950d5a68815910VgnVCM2000001f4a900aRCRD,28045,"PLAZA LEGAZPI 8, Chopera, Arganzuela",10:30,Matadero Madrid,2025-03-01,2025-03-01,Madrid
33,Centro de Interpretación del Paisaje de la Luz,http://www.madrid.es/sites/v/index.jsp?vgnextchannel=ca9671ee4a9eb410VgnVCM100000171f5a0aRCRD&vgnextoid=842dc5eb8e915810VgnVCM1000001d4a900aRCRD,28014,"PLAZA CIBELES 1, LosJeronimos, Retiro",,CentroCentro,2022-12-14,2026-01-14,Madrid
34,Century Rock,http://www.madrid.es/sites/v/index.jsp?vgnextchannel=ca9671ee4a9eb410VgnVCM100000171f5a0aRCRD&vgnextoid=e451a8c219315910VgnVCM2000001f4a900aRCRD,28022,"CALLE BOLTAÑA 27, Canillejas, SanBlas-Canillejas",12:00,Centro Cultural Buero Vallejo (San Blas - Canillejas),2025-03-02,2025-03-02,Madrid
35,Chatines: club de lectura infantil,http://www.madrid.es/sites/v/index.jsp?vgnextchannel=ca9671ee4a9eb410VgnVCM100000171f5a0aRCRD&vgnextoid=146e23279fad4910VgnVCM1000001d4a900aRCRD,28036,"CALLE MANUEL FERRERO 1, Castilla, Chamartin",17:30,Biblioteca Pública Municipal Dámaso Alonso (Chamartín),2025-02-27,2025-06-19,Madrid
36,Chup-Chup,http://www.madrid.es/sites/v/index.jsp?vgnextchannel=ca9671ee4a9eb410VgnVCM100000171f5a0aRCRD&vgnextoid=e4cc2c84ecd15910VgnVCM2000001f4a900aRCRD,28022,"CALLE FEBRERO 4, Rejas, SanBlas-Canillejas",19:00,Centro Cultural José Luis López Vázquez (San Blas - Canillejas),2025-03-01,2025-03-01,Madrid
37,Ciclismo por Madrid,http://www.madrid.es/sites/v/index.jsp?vgnextchannel=ca9671ee4a9eb410VgnVCM100000171f5a0aRCRD&vgnextoid=db40e3f0c91ea710VgnVCM2000001f4a900aRCRD,0,No disponible,00:00,No disponible,2024-09-01,2025-06-30,Madrid
38,"CICLO BEBÉS. La compañía CamelCat Producciones, presenta 'Baby cuentos'",http://www.madrid.es/sites/v/index.jsp?vgnextchannel=ca9671ee4a9eb410VgnVCM100000171f5a0aRCRD&vgnextoid=5e1bb8d9a2825910VgnVCM1000001d4a900aRCRD,28037,"CALLE HERMANOS GARCIA NOBLEJAS 14, PuebloNuevo, CiudadLineal",,Centro Cultural Príncipe de Asturias (Ciudad Lineal),2025-03-01,2025-03-01,Madrid
39,Cine familiar,http://www.madrid.es/sites/v/index.jsp?vgnextchannel=ca9671ee4a9eb410VgnVCM100000171f5a0aRCRD&vgnextoid=d4fd2e979f0a0910VgnVCM2000001f4a900aRCRD,28045,"PLAZA LEGAZPI 8, Chopera, Arganzuela",,Cineteca Madrid,2024-09-15,2025-06-29,Madrid
40,Circo Homónimo,http://www.madrid.es/sites/v/index.jsp?vgnextchannel=ca9671ee4a9eb410VgnVCM100000171f5a0aRCRD&vgnextoid=c520542e85d15910VgnVCM1000001d4a900aRCRD,28022,"CALLE ALIAGA 5, Canillejas, SanBlas-Canillejas",12:00,Centro Sociocultural Miguel de Cervantes (San Blas - Canillejas),2025-03-02,2025-03-02,Madrid
41,Círculo de ciudadanos,http://www.madrid.es/sites/v/index.jsp?vgnextchannel=ca9671ee4a9eb410VgnVCM100000171f5a0aRCRD&vgnextoid=ba197bfae6da4910VgnVCM2000001f4a900aRCRD,28029,"AVENIDA MONFORTE DE LEMOS 38, ElPilar, Fuencarral-ElPardo",17:00,Biblioteca Pública Municipal José Saramago (Fuencarral-El Pardo),2025-02-11,2025-12-16,Madrid
42,Clara Torres Morenilla,http://www.madrid.es/sites/v/index.jsp?vgnextchannel=ca9671ee4a9eb410VgnVCM100000171f5a0aRCRD&vgnextoid=d25a6e29da735910VgnVCM2000001f4a900aRCRD,28028,"CALLE ENRIQUE D'ALMONTE 1, FuenteBerro, Salamanca",,Centro Cultural Quinta del Berro - Rafael Altamira (Salamanca),2025-03-01,2025-03-15,Madrid
43,Clases de árabe para niños,http://www.madrid.es/sites/v/index.jsp?vgnextchannel=ca9671ee4a9eb410VgnVCM100000171f5a0aRCRD&vgnextoid=60ceedb3e8133910VgnVCM1000001d4a900aRCRD,28041,"AVENIDA SAN FERMIN 10, SanFermin, Usera",18:00,Biblioteca Pública Municipal San Fermín (Usera),2024-12-13,2025-05-30,Madrid
44,Club de lectura,http://www.madrid.es/sites/v/index.jsp?vgnextchannel=ca9671ee4a9eb410VgnVCM100000171f5a0aRCRD&vgnextoid=4b66106762794910VgnVCM1000001d4a900aRCRD,28037,"CALLE SAN ROMAN DEL VALLE 8, Arcos, SanBlas-Canillejas",11:00,Biblioteca Pública Municipal San Blas (San Blas-Canillejas),2024-09-25,2025-06-04,Madrid
45,Club de lectura,http://www.madrid.es/sites/v/index.jsp?vgnextchannel=ca9671ee4a9eb410VgnVCM100000171f5a0aRCRD&vgnextoid=e1b3ae3a19a23910VgnVCM1000001d4a900aRCRD,28025,"CALLE GENERAL RICARDOS 252, VistaAlegre, Carabanchel",12:00,Biblioteca Pública Municipal La Chata (Carabanchel),2024-11-04,2025-06-16,Madrid
46,Club de lectura,http://www.madrid.es/sites/v/index.jsp?vgnextchannel=ca9671ee4a9eb410VgnVCM100000171f5a0aRCRD&vgnextoid=a0fd177728c21910VgnVCM2000001f4a900aRCRD,28053,"CALLE PUERTO DEL MONASTERIO 1, SanDiego, PuenteDeVallecas",10:00,Biblioteca Pública Municipal Vallecas (Puente de Vallecas),2024-09-27,2025-06-13,Madrid
47,Club de lectura de novela gráfica. Premios Nacionales de cómic,http://www.madrid.es/sites/v/index.jsp?vgnextchannel=ca9671ee4a9eb410VgnVCM100000171f5a0aRCRD&vgnextoid=f5210dae9a6da810VgnVCM2000001f4a900aRCRD,28039,"CALLE FRANCOS RODRIGUEZ 67, BellasVistas, Tetuan",14:45,Biblioteca Pública Municipal Manuel Vázquez Montalbán (Tetuán),2024-09-24,2025-05-27,Madrid
48,Club de lectura en BPM María Zambrano,http://www.madrid.es/sites/v/index.jsp?vgnextchannel=ca9671ee4a9eb410VgnVCM100000171f5a0aRCRD&vgnextoid=f6dc84c649ef4910VgnVCM2000001f4a900aRCRD,28029,"PLAZA DONOSO 5, Almenara, Tetuan",11:00,Biblioteca Pública Municipal María Zambrano (Tetuán),2025-02-19,2025-06-25,Madrid
49,Club de lectura en inglés 'Reading Club',http://www.madrid.es/sites/v/index.jsp?vgnextchannel=ca9671ee4a9eb410VgnVCM100000171f5a0aRCRD&vgnextoid=dc99b2481b1e1910VgnVCM2000001f4a900aRCRD,28002,"CALLE MANTUANO 51, CiudadJardin, Chamartin",19:00,Biblioteca Pública Municipal Francisco Ibáñez (Chamartín),2024-10-08,2025-04-29,Madrid
50,Club de lectura en inglés 'Reading Club',http://www.madrid.es/sites/v/index.jsp?vgnextchannel=ca9671ee4a9eb410VgnVCM100000171f5a0aRCRD&vgnextoid=663cb2481b1e1910VgnVCM2000001f4a900aRCRD,28022,"CALLE MARIA SEVILLA DIAGO 15, Rosas, SanBlas-Canillejas",19:00,Biblioteca Pública Municipal José Hierro (San Blas-Canillejas),2024-10-08,2025-04-29,Madrid
51,Club de lectura en inglés 'Reading Club',http://www.madrid.es/sites/v/index.jsp?vgnextchannel=ca9671ee4a9eb410VgnVCM100000171f5a0aRCRD&vgnextoid=64c2b01c7d402910VgnVCM1000001d4a900aRCRD,28005,"CALLE SAN JUSTO 5, Palacio, Centro",19:00,Biblioteca Pública Municipal Iván de Vargas (Centro),2024-10-08,2025-04-29,Madrid
52,Club de lectura en inglés 'Reading Club',http://www.madrid.es/sites/v/index.jsp?vgnextchannel=ca9671ee4a9eb410VgnVCM100000171f5a0aRCRD&vgnextoid=4e37c32aae520910VgnVCM2000001f4a900aRCRD,28004,"CALLE BARCELO 4, Justicia, Centro",19:00,Biblioteca Pública Municipal Mario Vargas Llosa (Centro),2024-10-07,2025-04-28,Madrid
53,Club de lectura Naomi Klein,http://www.madrid.es/sites/v/index.jsp?vgnextchannel=ca9671ee4a9eb410VgnVCM100000171f5a0aRCRD&vgnextoid=342b3a03802e2910VgnVCM1000001d4a900aRCRD,28005,"CALLE SAN JUSTO 5, Palacio, Centro",19:00,Biblioteca Pública Municipal Iván de Vargas (Centro),2025-01-29,2025-05-28,Madrid
54,Club de lectura 'Amigas de las letras'. Espacio de Igualdad Carme Chacón,http://www.madrid.es/sites/v/index.jsp?vgnextchannel=ca9671ee4a9eb410VgnVCM100000171f5a0aRCRD&vgnextoid=9da8470052eb2910VgnVCM2000001f4a900aRCRD,28043,"CALLE MATAPOZUELOS 2, Canillas, Hortaleza",17:00,Espacio de Igualdad Carme Chacón. Hortaleza,2025-01-09,2025-03-27,Madrid
55,Club de lectura 'Veinte deseos',http://www.madrid.es/sites/v/index.jsp?vgnextchannel=ca9671ee4a9eb410VgnVCM100000171f5a0aRCRD&vgnextoid=b75aa37147a02910VgnVCM2000001f4a900aRCRD,28022,"CALLE MARIA SEVILLA DIAGO 15, Rosas, SanBlas-Canillejas",19:00,Biblioteca Pública Municipal José Hierro (San Blas-Canillejas),2024-10-02,2025-06-25,Madrid
56,Club de lectura (infantil),http://www.madrid.es/sites/v/index.jsp?vgnextchannel=ca9671ee4a9eb410VgnVCM100000171f5a0aRCRD&vgnextoid=6304ee4e073b2910VgnVCM1000001d4a900aRCRD,28041,"AVENIDA SAN FERMIN 10, SanFermin, Usera",18:00,Biblioteca Pública Municipal San Fermín (Usera),2024-10-02,2025-06-18,Madrid
57,Club de lectura (infantil),http://www.madrid.es/sites/v/index.jsp?vgnextchannel=ca9671ee4a9eb410VgnVCM100000171f5a0aRCRD&vgnextoid=0c4bf9ea99e61910VgnVCM2000001f4a900aRCRD,28028,"AVENIDA TOREROS 5, Guindalera, Salamanca",18:00,Biblioteca Pública Municipal David Gistau (Salamanca),2024-09-30,2025-06-09,Madrid
58,Club de lectura (infantil),http://www.madrid.es/sites/v/index.jsp?vgnextchannel=ca9671ee4a9eb410VgnVCM100000171f5a0aRCRD&vgnextoid=03cbf9ea99e61910VgnVCM2000001f4a900aRCRD,28050,"CALLE PRINCESA DE EBOLI 29, Valdefuentes, Hortaleza",18:00,Biblioteca Pública Municipal María Lejárraga (Hortaleza),2024-10-24,2025-06-19,Madrid
59,Club de lectura. Retiro,http://www.madrid.es/sites/v/index.jsp?vgnextchannel=ca9671ee4a9eb410VgnVCM100000171f5a0aRCRD&vgnextoid=d5e34dbe8f624910VgnVCM2000001f4a900aRCRD,28007,"PLAZA DAOIZ Y VELARDE 2, Pacifico, Retiro",18:00,Centro Sociocultural Clara Campoamor (Retiro),2025-01-16,2025-05-29,Madrid
60,Club de lectura: autoras africanas,http://www.madrid.es/sites/v/index.jsp?vgnextchannel=ca9671ee4a9eb410VgnVCM100000171f5a0aRCRD&vgnextoid=c278a6f664cb4910VgnVCM2000001f4a900aRCRD,28007,"CALLE ARREGUI Y ARUEJ 31, Adelfas, Retiro",17:30,Espacio de Igualdad Elena Arnedo Soriano. Retiro,2025-02-13,2025-03-27,Madrid
61,Club de lectura: 'Mujeres escritoras y lectoras',http://www.madrid.es/sites/v/index.jsp?vgnextchannel=ca9671ee4a9eb410VgnVCM100000171f5a0aRCRD&vgnextoid=9915b7a12d044910VgnVCM2000001f4a900aRCRD,28039,"CALLE ALMANSA 9, BellasVistas, Tetuan",12:00,Centro Sociocultural José de Espronceda (Tetuán),2025-01-07,2025-03-25,Madrid
62,Coder Dojo · Grupo de trabajo 2024-2025,http://www.madrid.es/sites/v/index.jsp?vgnextchannel=ca9671ee4a9eb410VgnVCM100000171f5a0aRCRD&vgnextoid=8c98b60f928d2910VgnVCM1000001d4a900aRCRD,28045,"PASEO CHOPERA 14, Chopera, Arganzuela",,Medialab Matadero,2024-11-16,2025-07-26,Madrid
63,Colección de ilustraciones Presente Continú0. Cosmo,http://www.madrid.es/sites/v/index.jsp?vgnextchannel=ca9671ee4a9eb410VgnVCM100000171f5a0aRCRD&vgnextoid=98e33e8ae27a4910VgnVCM1000001d4a900aRCRD,28045,"PASEO CHOPERA 10, Chopera, Arganzuela",,Sala de exposiciones La Lonja. Centro Cultural Casa del Reloj (Arganzuela),2025-02-24,2025-03-15,Madrid
64,Concurso de disfraces,http://www.madrid.es/sites/v/index.jsp?vgnextchannel=ca9671ee4a9eb410VgnVCM100000171f5a0aRCRD&vgnextoid=dc29318cb1405910VgnVCM2000001f4a900aRCRD,0,No disponible,11:30,No disponible,2025-03-02,2025-03-02,Madrid
65,Concurso de Disfraces y Baile con Orquesta,http://www.madrid.es/sites/v/index.jsp?vgnextchannel=ca9671ee4a9eb410VgnVCM100000171f5a0aRCRD&vgnextoid=3af2292bc8325910VgnVCM2000001f4a900aRCRD,28041,"CALLE ARAMA 1, LosAngeles, Villaverde",21:30,Centro Municipal de Mayores Nuestra Señora de los Ángeles,2025-03-01,2025-03-01,Madrid
66,Concurso de Disfraces y Baile con Orquesta,http://www.madrid.es/sites/v/index.jsp?vgnextchannel=ca9671ee4a9eb410VgnVCM100000171f5a0aRCRD&vgnextoid=41f2ce6eb6ef4910VgnVCM1000001d4a900aRCRD,28021,"CALLE CONCEPCION DE LA OLIVA 1, Butarque, Villaverde",21:30,Centro Municipal de Mayores La Platanera,2025-03-01,2025-03-01,Madrid
67,Conectores de la luz,http://www.madrid.es/sites/v/index.jsp?vgnextchannel=ca9671ee4a9eb410VgnVCM100000171f5a0aRCRD&vgnextoid=fae4ebbe36624910VgnVCM1000001d4a900aRCRD,28045,"PLAZA LEGAZPI 8, Chopera, Arganzuela",,Matadero Madrid,2025-01-18,2025-03-23,Madrid
68,Conoce tu parque: Monumentos históricos y arquitectónicoa,http://www.madrid.es/sites/v/index.jsp?vgnextchannel=ca9671ee4a9eb410VgnVCM100000171f5a0aRCRD&vgnextoid=df9109b11b535910VgnVCM1000001d4a900aRCRD,28027,"CALLE ALCALA 527, ElSalvador, SanBlas-Canillejas",,Parque Quinta de los Molinos,2025-02-24,2025-03-06,Madrid
69,Construimos herramientas para el empoderamiento,http://www.madrid.es/sites/v/index.jsp?vgnextchannel=ca9671ee4a9eb410VgnVCM100000171f5a0aRCRD&vgnextoid=d48ab1ed8d964910VgnVCM2000001f4a900aRCRD,28022,"PLAZA EURIPIDES 1, Canillejas, SanBlas-Canillejas",18:15,Espacio de Igualdad Lucía Sánchez Saornil. San Blas-Canillejas,2025-01-08,2025-03-26,Madrid
70,Coro Yelena Lafargue,http://www.madrid.es/sites/v/index.jsp?vgnextchannel=ca9671ee4a9eb410VgnVCM100000171f5a0aRCRD&vgnextoid=e8ec2c84ecd15910VgnVCM2000001f4a900aRCRD,28022,"CALLE FEBRERO 4, Rejas, SanBlas-Canillejas",12:00,Centro Cultural José Luis López Vázquez (San Blas - Canillejas),2025-03-02,2025-03-02,Madrid
71,Correr por Madrid,http://www.madrid.es/sites/v/index.jsp?vgnextchannel=ca9671ee4a9eb410VgnVCM100000171f5a0aRCRD&vgnextoid=712a8daaa32d4710VgnVCM1000001d4a900aRCRD,0,No disponible,00:00,No disponible,2024-09-01,2025-06-30,Madrid
72,Cuatro historias de alquiler,http://www.madrid.es/sites/v/index.jsp?vgnextchannel=ca9671ee4a9eb410VgnVCM100000171f5a0aRCRD&vgnextoid=3171a8c219315910VgnVCM2000001f4a900aRCRD,28022,"CALLE BOLTAÑA 27, Canillejas, SanBlas-Canillejas",19:00,Centro Cultural Buero Vallejo (San Blas - Canillejas),2025-03-01,2025-03-01,Madrid
73,Cuentos del bosque,http://www.madrid.es/sites/v/index.jsp?vgnextchannel=ca9671ee4a9eb410VgnVCM100000171f5a0aRCRD&vgnextoid=b9cd8e3ce3735910VgnVCM1000001d4a900aRCRD,28008,"CALLE SANTA POLA 22, CasaCampo, Moncloa-Aravaca",12:00,Auditorio Joaquín Rosado (Moncloa-Aravaca),2025-03-02,2025-03-02,Madrid
74,Cumpleaños,http://www.madrid.es/sites/v/index.jsp?vgnextchannel=ca9671ee4a9eb410VgnVCM100000171f5a0aRCRD&vgnextoid=ecfee2fc6e6c1910VgnVCM1000001d4a900aRCRD,28012,"CALLE PRINCIPE 25, Cortes, Centro",18:30,Teatro Español,2025-02-27,2025-03-09,Madrid
75,Curar las aguas,http://www.madrid.es/sites/v/index.jsp?vgnextchannel=ca9671ee4a9eb410VgnVCM100000171f5a0aRCRD&vgnextoid=589c4d742c535910VgnVCM2000001f4a900aRCRD,28028,"AVENIDA TOREROS 5, Guindalera, Salamanca",,Centro Cultural Buenavista (Salamanca),2025-02-28,2025-03-15,Madrid
76,Curso sobre la historia del Barrio del Pilar,http://www.madrid.es/sites/v/index.jsp?vgnextchannel=ca9671ee4a9eb410VgnVCM100000171f5a0aRCRD&vgnextoid=c826b7021b7b1910VgnVCM2000001f4a900aRCRD,28029,"AVENIDA MONFORTE DE LEMOS 38, ElPilar, Fuencarral-ElPardo",11:30,Biblioteca Pública Municipal José Saramago (Fuencarral-El Pardo),2024-10-14,2025-04-28,Madrid
77,De Casa de Campo a Madrid Río I,http://www.madrid.es/sites/v/index.jsp?vgnextchannel=ca9671ee4a9eb410VgnVCM100000171f5a0aRCRD&vgnextoid=f213099c7c2d8810VgnVCM2000001f4a900aRCRD,28011,"PARQUE CASA DE CAMPO (JUNTO AL EMBARCADERO DEL LAGO) , CasaCampo, Moncloa-Aravaca",11:00,Centro de Información y Educación Ambiental de Casa de Campo,2025-03-01,2025-03-01,Madrid
78,Desfile con charanga y taller de máscaras,http://www.madrid.es/sites/v/index.jsp?vgnextchannel=ca9671ee4a9eb410VgnVCM100000171f5a0aRCRD&vgnextoid=1849318cb1405910VgnVCM2000001f4a900aRCRD,0,No disponible,12:00,No disponible,2025-03-02,2025-03-02,Madrid
79,Días no lectivos 28 de febrero y 3 marzo. Campamento Urbano de Villaverde,http://www.madrid.es/sites/v/index.jsp?vgnextchannel=ca9671ee4a9eb410VgnVCM100000171f5a0aRCRD&vgnextoid=aae7755c2a384910VgnVCM2000001f4a900aRCRD,0,No disponible,,No disponible,2025-02-28,2025-03-03,Madrid
80,Días sin cole 28 de febrero y 3 de marzo 2025. Distrito de Chamartín,http://www.madrid.es/sites/v/index.jsp?vgnextchannel=ca9671ee4a9eb410VgnVCM100000171f5a0aRCRD&vgnextoid=2d85672756474910VgnVCM1000001d4a900aRCRD,0,No disponible,,No disponible,2025-02-28,2025-03-03,Madrid
81,Educación pública,http://www.madrid.es/sites/v/index.jsp?vgnextchannel=ca9671ee4a9eb410VgnVCM100000171f5a0aRCRD&vgnextoid=3b349c4490405910VgnVCM1000001d4a900aRCRD,28029,"PLAZA DONOSO 5, Almenara, Tetuan",,Biblioteca Pública Municipal María Zambrano (Tetuán),2025-02-17,2025-03-17,Madrid
82,Ejercitando nuestro cuerpo,http://www.madrid.es/sites/v/index.jsp?vgnextchannel=ca9671ee4a9eb410VgnVCM100000171f5a0aRCRD&vgnextoid=603002b68bf54910VgnVCM2000001f4a900aRCRD,28022,"PLAZA EURIPIDES 1, Canillejas, SanBlas-Canillejas",10:00,Espacio de Igualdad Lucía Sánchez Saornil. San Blas-Canillejas,2025-01-08,2025-03-26,Madrid
83,El arca rusa,http://www.madrid.es/sites/v/index.jsp?vgnextchannel=ca9671ee4a9eb410VgnVCM100000171f5a0aRCRD&vgnextoid=af0464926f415910VgnVCM1000001d4a900aRCRD,28045,"PLAZA LEGAZPI 8, Chopera, Arganzuela",20:30,Cineteca Madrid,2025-03-02,2025-03-02,Madrid
84,El Bosque de los Recuerdos,http://www.madrid.es/sites/v/index.jsp?vgnextchannel=ca9671ee4a9eb410VgnVCM100000171f5a0aRCRD&vgnextoid=4eea2ed891ad4910VgnVCM2000001f4a900aRCRD,28029,"PLAZA DONOSO 5, Almenara, Tetuan",11:30,Biblioteca Pública Municipal María Zambrano (Tetuán),2025-02-26,2025-07-23,Madrid
85,El carnaval de los animales,http://www.madrid.es/sites/v/index.jsp?vgnextchannel=ca9671ee4a9eb410VgnVCM100000171f5a0aRCRD&vgnextoid=540f253fbe9f4910VgnVCM1000001d4a900aRCRD,28045,"PLAZA LEGAZPI 8, Chopera, Arganzuela",12:00,Matadero Madrid,2025-03-02,2025-03-02,Madrid
86,El mago Rafathor,http://www.madrid.es/sites/v/index.jsp?vgnextchannel=ca9671ee4a9eb410VgnVCM100000171f5a0aRCRD&vgnextoid=70444d742c535910VgnVCM2000001f4a900aRCRD,28035,"CALLE ANTONIO MACHADO 20, Valdezarza, Moncloa-Aravaca",12:00,Centro Cultural Julio Cortázar (Moncloa - Aravaca),2025-03-01,2025-03-01,Madrid
87,El Retiro a través de la música,http://www.madrid.es/sites/v/index.jsp?vgnextchannel=ca9671ee4a9eb410VgnVCM100000171f5a0aRCRD&vgnextoid=44d9c0b0864b1810VgnVCM2000001f4a900aRCRD,28009,"PASEO FERNAN NUÑEZ 2, LosJeronimos, Retiro",11:00,Centro de Información y Educación Ambiental de El Huerto de El Retiro,2025-03-01,2025-03-01,Madrid
88,Empoderamiento y relax,http://www.madrid.es/sites/v/index.jsp?vgnextchannel=ca9671ee4a9eb410VgnVCM100000171f5a0aRCRD&vgnextoid=3713582a56f54910VgnVCM1000001d4a900aRCRD,28022,"PLAZA EURIPIDES 1, Canillejas, SanBlas-Canillejas",10:00,Espacio de Igualdad Lucía Sánchez Saornil. San Blas-Canillejas,2025-01-08,2025-03-26,Madrid
89,En calma. Taller de relajación,http://www.madrid.es/sites/v/index.jsp?vgnextchannel=ca9671ee4a9eb410VgnVCM100000171f5a0aRCRD&vgnextoid=a2c6aed50c190910VgnVCM1000001d4a900aRCRD,28043,"CALLE MATAPOZUELOS 2, Canillas, Hortaleza",11:00,Espacio de Igualdad Carme Chacón. Hortaleza,2025-01-13,2025-04-28,Madrid
90,En compañía de las letras,http://www.madrid.es/sites/v/index.jsp?vgnextchannel=ca9671ee4a9eb410VgnVCM100000171f5a0aRCRD&vgnextoid=383d2a21725d3910VgnVCM1000001d4a900aRCRD,28029,"AVENIDA MONFORTE DE LEMOS 38, ElPilar, Fuencarral-ElPardo",11:00,Biblioteca Pública Municipal José Saramago (Fuencarral-El Pardo),2025-01-31,2025-06-27,Madrid
91,En la alcoba del Sultán,http://www.madrid.es/sites/v/index.jsp?vgnextchannel=ca9671ee4a9eb410VgnVCM100000171f5a0aRCRD&vgnextoid=3986d58d22984910VgnVCM1000001d4a900aRCRD,28045,"PLAZA LEGAZPI 8, Chopera, Arganzuela",,Cineteca Madrid,2025-02-01,2025-03-08,Madrid
92,Encyclopenglish,http://www.madrid.es/sites/v/index.jsp?vgnextchannel=ca9671ee4a9eb410VgnVCM100000171f5a0aRCRD&vgnextoid=22533544ae1b4910VgnVCM2000001f4a900aRCRD,28005,"CALLE SAN JUSTO 5, Palacio, Centro",19:00,Biblioteca Pública Municipal Iván de Vargas (Centro),2025-01-29,2025-06-25,Madrid
93,Entierro de la sardina. Se acabó la fiesta,http://www.madrid.es/sites/v/index.jsp?vgnextchannel=ca9671ee4a9eb410VgnVCM100000171f5a0aRCRD&vgnextoid=134c7a0da9294910VgnVCM1000001d4a900aRCRD,28001,"CALLE GOYA 1, Recoletos, Salamanca",,Centro Cultural Emilia Pardo Bazán (Salamanca),2025-02-21,2025-03-14,Madrid
94,Escritura creativa en la Biblioteca Pío Baroja,http://www.madrid.es/sites/v/index.jsp?vgnextchannel=ca9671ee4a9eb410VgnVCM100000171f5a0aRCRD&vgnextoid=30405a33ba4e3910VgnVCM1000001d4a900aRCRD,28005,"CALLE ARGANDA 12, Acacias, Arganzuela",11:00,Biblioteca Pública Municipal Pío Baroja (Arganzuela),2025-02-28,2025-03-21,Madrid
95,Escritura creativa para mujeres: relatos y autorreflexión,http://www.madrid.es/sites/v/index.jsp?vgnextchannel=ca9671ee4a9eb410VgnVCM100000171f5a0aRCRD&vgnextoid=1b3823c4d617f810VgnVCM2000001f4a900aRCRD,28007,"CALLE ARREGUI Y ARUEJ 31, Adelfas, Retiro",18:00,Espacio de Igualdad Elena Arnedo Soriano. Retiro,2025-01-14,2025-06-24,Madrid
96,Escritura emocional. Espacio de Igualdad Carme Chacón,http://www.madrid.es/sites/v/index.jsp?vgnextchannel=ca9671ee4a9eb410VgnVCM100000171f5a0aRCRD&vgnextoid=73b9470052eb2910VgnVCM2000001f4a900aRCRD,28043,"CALLE MATAPOZUELOS 2, Canillas, Hortaleza",11:00,Espacio de Igualdad Carme Chacón. Hortaleza,2025-01-07,2025-04-29,Madrid
97,Escuela de espectadores sénior,http://www.madrid.es/sites/v/index.jsp?vgnextchannel=ca9671ee4a9eb410VgnVCM100000171f5a0aRCRD&vgnextoid=06df85f1bda62910VgnVCM1000001d4a900aRCRD,28045,"PASEO CHOPERA 14, Chopera, Arganzuela",,Nave 10 Matadero. Creación Dramática Contemporánea,2024-10-03,2025-06-25,Madrid
98,Escuela de Teatro. Teatro Municipal de Vallecas,http://www.madrid.es/sites/v/index.jsp?vgnextchannel=ca9671ee4a9eb410VgnVCM100000171f5a0aRCRD&vgnextoid=43c50a3c214f3810VgnVCM2000001f4a900aRCRD,28031,"CALLE PASO DE VILLAMANRIQUE 3, CascoHVallecas, VillaDeVallecas",,Teatro Municipal de Vallecas,2024-09-01,2025-07-01,Madrid
99,Espacio P.O.M 2024-25,http://www.madrid.es/sites/v/index.jsp?vgnextchannel=ca9671ee4a9eb410VgnVCM100000171f5a0aRCRD&vgnextoid=663e02a2fa0e1910VgnVCM1000001d4a900aRCRD,28015,"CALLE CONDE DUQUE 9, Universidad, Centro",,Centro de Cultura Contemporánea Conde Duque,2024-09-01,2025-05-31,Madrid
100,"Espacios naturales españoles, guardianes de la biodiversidad",http://www.madrid.es/sites/v/index.jsp?vgnextchannel=ca9671ee4a9eb410VgnVCM100000171f5a0aRCRD&vgnextoid=fd4a29457e3e3910VgnVCM1000001d4a900aRCRD,28009,"PASEO FERNAN NUÑEZ 2, LosJeronimos, Retiro",10:00,Centro de Información y Educación Ambiental de El Huerto de El Retiro,2025-01-02,2025-03-30,Madrid
101,Estrenos Cineteca,http://www.madrid.es/sites/v/index.jsp?vgnextchannel=ca9671ee4a9eb410VgnVCM100000171f5a0aRCRD&vgnextoid=0e63fc6a6f343910VgnVCM1000001d4a900aRCRD,28045,"PLAZA LEGAZPI 8, Chopera, Arganzuela",,Cineteca Madrid,2024-09-05,2025-07-31,Madrid
102,Exhibición de chirigotas adultos,http://www.madrid.es/sites/v/index.jsp?vgnextchannel=ca9671ee4a9eb410VgnVCM100000171f5a0aRCRD&vgnextoid=8662fcf4aade4910VgnVCM2000001f4a900aRCRD,28053,"AVENIDA GLORIETAS 19, Entrevias, PuenteDeVallecas",18:00,Centro Cultural El Pozo del tío Raimundo (Puente de Vallecas),2025-03-02,2025-03-02,Madrid
103,Exhibición de chirigotas infantiles,http://www.madrid.es/sites/v/index.jsp?vgnextchannel=ca9671ee4a9eb410VgnVCM100000171f5a0aRCRD&vgnextoid=ce42fcf4aade4910VgnVCM2000001f4a900aRCRD,28053,"AVENIDA GLORIETAS 19, Entrevias, PuenteDeVallecas",12:00,Centro Cultural El Pozo del tío Raimundo (Puente de Vallecas),2025-03-02,2025-03-02,Madrid
104,Explora y juega Matadero Madrid en Familia,http://www.madrid.es/sites/v/index.jsp?vgnextchannel=ca9671ee4a9eb410VgnVCM100000171f5a0aRCRD&vgnextoid=d7fff2d5c9662910VgnVCM1000001d4a900aRCRD,28045,"PLAZA LEGAZPI 8, Chopera, Arganzuela",,Matadero Madrid,2024-10-05,2026-06-30,Madrid
105,Exploradores de imágenes,http://www.madrid.es/sites/v/index.jsp?vgnextchannel=ca9671ee4a9eb410VgnVCM100000171f5a0aRCRD&vgnextoid=13c5e7da8b822910VgnVCM1000001d4a900aRCRD,28045,"PLAZA LEGAZPI 8, Chopera, Arganzuela",,Matadero Madrid,2024-10-01,2025-06-01,Madrid
106,Exposición de pintura,http://www.madrid.es/sites/v/index.jsp?vgnextchannel=ca9671ee4a9eb410VgnVCM100000171f5a0aRCRD&vgnextoid=483209b11b535910VgnVCM1000001d4a900aRCRD,28027,"CALLE ALCALA 527, ElSalvador, SanBlas-Canillejas",,Parque Quinta de los Molinos,2025-02-24,2025-03-09,Madrid
107,Exposición de Pintura `Paisajes´ y `Rincones de Serradilla del Llano´,http://www.madrid.es/sites/v/index.jsp?vgnextchannel=ca9671ee4a9eb410VgnVCM100000171f5a0aRCRD&vgnextoid=55bf157fd8e15910VgnVCM1000001d4a900aRCRD,28021,"ACCESO COLONIA MARCONI 4, VillaverdeAltoCH, Villaverde",,Centro Sociocultural Marconi (Villaverde),2025-03-01,2025-03-31,Madrid
108,Exposición de pintura: 'Evelyn contemporary art',http://www.madrid.es/sites/v/index.jsp?vgnextchannel=ca9671ee4a9eb410VgnVCM100000171f5a0aRCRD&vgnextoid=d4c4b89373232910VgnVCM1000001d4a900aRCRD,28049,"Carretera M-607 Km 13 L-10 , ElGoloso, Fuencarral-ElPardo",08:30,Centro Sociocultural Montecarmelo (Fuencarral - El Pardo),2025-02-02,2025-03-02,Madrid
109,Exposición fotográfica,http://www.madrid.es/sites/v/index.jsp?vgnextchannel=ca9671ee4a9eb410VgnVCM100000171f5a0aRCRD&vgnextoid=1df19c4490405910VgnVCM1000001d4a900aRCRD,28045,"PASEO CHOPERA 6, Chopera, Arganzuela",,Centro Cultural Casa del Reloj (Arganzuela),2025-02-19,2025-03-13,Madrid
110,Exposición fotográfica: Fauna del entorno Meaques-Retamares,http://www.madrid.es/sites/v/index.jsp?vgnextchannel=ca9671ee4a9eb410VgnVCM100000171f5a0aRCRD&vgnextoid=d2b072b8d63e3910VgnVCM2000001f4a900aRCRD,28011,"PARQUE CASA DE CAMPO (JUNTO AL EMBARCADERO DEL LAGO) , CasaCampo, Moncloa-Aravaca",10:00,Centro de Información y Educación Ambiental de Casa de Campo,2025-01-02,2025-03-30,Madrid
111,Exposición - Hecho a mano,http://www.madrid.es/sites/v/index.jsp?vgnextchannel=ca9671ee4a9eb410VgnVCM100000171f5a0aRCRD&vgnextoid=66db531fddbc4910VgnVCM2000001f4a900aRCRD,28015,"CALLE GALILEO 39, Arapiles, Chamberi",,Centro Cultural Galileo (Chamberí),2025-02-18,2025-03-01,Madrid
112,Exposición: CLAIF. Biodiversidad de los universos: Cosmovisión Miskita,http://www.madrid.es/sites/v/index.jsp?vgnextchannel=ca9671ee4a9eb410VgnVCM100000171f5a0aRCRD&vgnextoid=2156bdd836ef4910VgnVCM2000001f4a900aRCRD,28002,"CALLE MANTUANO 51, CiudadJardin, Chamartin",,Centro Cultural Nicolás Salmerón (Chamartín),2025-02-17,2025-03-03,Madrid
113,"Exposición: Giovanni Perluigi da Palestrina, compositor renacentista de música sacra",http://www.madrid.es/sites/v/index.jsp?vgnextchannel=ca9671ee4a9eb410VgnVCM100000171f5a0aRCRD&vgnextoid=ba41e51b020e4910VgnVCM1000001d4a900aRCRD,28015,"CALLE CONDE DUQUE 9, Universidad, Centro",,Biblioteca Musical Víctor Espinós,2025-02-07,2025-03-31,Madrid
114,Exposición: Onírica,http://www.madrid.es/sites/v/index.jsp?vgnextchannel=ca9671ee4a9eb410VgnVCM100000171f5a0aRCRD&vgnextoid=25ef33d971394910VgnVCM1000001d4a900aRCRD,28026,"CALLE JULIO AGUIRRE 10, Almendrales, Usera",,Centro Sociocultural Cánovas del Castillo (Usera),2025-02-08,2025-03-08,Madrid
115,Fabricantes de historias,http://www.madrid.es/sites/v/index.jsp?vgnextchannel=ca9671ee4a9eb410VgnVCM100000171f5a0aRCRD&vgnextoid=f71667b761044910VgnVCM1000001d4a900aRCRD,28045,"PLAZA LEGAZPI 8, Chopera, Arganzuela",,Matadero Madrid,2025-01-25,2025-03-15,Madrid
116,Fachadas de comercios centenarios,http://www.madrid.es/sites/v/index.jsp?vgnextchannel=ca9671ee4a9eb410VgnVCM100000171f5a0aRCRD&vgnextoid=eb2cb7a12d044910VgnVCM2000001f4a900aRCRD,28015,"CALLE AMANIEL 29, Universidad, Centro",,Centro Cultural Clara del Rey - Museo ABC (Centro),2025-01-11,2025-03-01,Madrid
117,Falamos Português,http://www.madrid.es/sites/v/index.jsp?vgnextchannel=ca9671ee4a9eb410VgnVCM100000171f5a0aRCRD&vgnextoid=48c4948aceca4910VgnVCM1000001d4a900aRCRD,28029,"AVENIDA MONFORTE DE LEMOS 38, ElPilar, Fuencarral-ElPardo",18:00,Biblioteca Pública Municipal José Saramago (Fuencarral-El Pardo),2025-02-21,2025-06-20,Madrid
118,Fiesta de carnaval en el Barrio del Aeropuerto,http://www.madrid.es/sites/v/index.jsp?vgnextchannel=ca9671ee4a9eb410VgnVCM100000171f5a0aRCRD&vgnextoid=f398b96cdd4f4910VgnVCM1000001d4a900aRCRD,0,No disponible,18:00,No disponible,2025-03-01,2025-03-01,Madrid
119,Fiesta de carnaval en el Barro de la Alameda de Osuna,http://www.madrid.es/sites/v/index.jsp?vgnextchannel=ca9671ee4a9eb410VgnVCM100000171f5a0aRCRD&vgnextoid=d0f776ba794f4910VgnVCM1000001d4a900aRCRD,0,No disponible,18:00,No disponible,2025-03-01,2025-03-01,Madrid
120,Fuentesal Arenillas e Itziar Okariz «CARRUSEL»,http://www.madrid.es/sites/v/index.jsp?vgnextchannel=ca9671ee4a9eb410VgnVCM100000171f5a0aRCRD&vgnextoid=9ec102a2fa0e1910VgnVCM1000001d4a900aRCRD,28015,"CALLE CONDE DUQUE 9, Universidad, Centro",,Centro de Cultura Contemporánea Conde Duque,2025-02-27,2025-05-18,Madrid
121,Gala Internacional de Magia en Escena,http://www.madrid.es/sites/v/index.jsp?vgnextchannel=ca9671ee4a9eb410VgnVCM100000171f5a0aRCRD&vgnextoid=a2c01d17620b3910VgnVCM1000001d4a900aRCRD,28012,"RONDA ATOCHA 35, PalosFrontera, Arganzuela",,Teatro Circo Price,2025-02-12,2025-03-09,Madrid
122,"Ganchillo, punto o lo que queramos",http://www.madrid.es/sites/v/index.jsp?vgnextchannel=ca9671ee4a9eb410VgnVCM100000171f5a0aRCRD&vgnextoid=fff5499d1fc63910VgnVCM1000001d4a900aRCRD,28043,"CALLE MATAPOZUELOS 2, Canillas, Hortaleza",11:00,Espacio de Igualdad Carme Chacón. Hortaleza,2025-01-07,2025-04-29,Madrid
123,Grupo autónomo de Wikipedia,http://www.madrid.es/sites/v/index.jsp?vgnextchannel=ca9671ee4a9eb410VgnVCM100000171f5a0aRCRD&vgnextoid=e4f04d15a5664910VgnVCM2000001f4a900aRCRD,28039,"CALLE BRAVO MURILLO 133, BellasVistas, Tetuan",11:00,Espacio de Igualdad Hermanas Mirabal. Tetuán,2025-01-09,2025-03-27,Madrid
124,Héctor Serrano,http://www.madrid.es/sites/v/index.jsp?vgnextchannel=ca9671ee4a9eb410VgnVCM100000171f5a0aRCRD&vgnextoid=2b1fba93a70e4910VgnVCM1000001d4a900aRCRD,28045,"PLAZA LEGAZPI 8, Chopera, Arganzuela",,Matadero Madrid,2025-02-27,2025-03-30,Madrid
125,Historia de una escalera,http://www.madrid.es/sites/v/index.jsp?vgnextchannel=ca9671ee4a9eb410VgnVCM100000171f5a0aRCRD&vgnextoid=22bee2fc6e6c1910VgnVCM1000001d4a900aRCRD,28012,"CALLE PRINCIPE 25, Cortes, Centro",19:00,Teatro Español,2025-01-24,2025-03-30,Madrid
126,Hoy es noche de San Juan,http://www.madrid.es/sites/v/index.jsp?vgnextchannel=ca9671ee4a9eb410VgnVCM100000171f5a0aRCRD&vgnextoid=53b0ce6eb6ef4910VgnVCM1000001d4a900aRCRD,28009,"PASEO COLOMBIA 1, LosJeronimos, Retiro",19:00,Centro Cultural Casa de Vacas (Retiro),2025-03-02,2025-03-02,Madrid
127,Huerto familiar,http://www.madrid.es/sites/v/index.jsp?vgnextchannel=ca9671ee4a9eb410VgnVCM100000171f5a0aRCRD&vgnextoid=e1761f7a68a33810VgnVCM1000001d4a900aRCRD,28009,"PASEO FERNAN NUÑEZ 2, LosJeronimos, Retiro",11:00,Centro de Información y Educación Ambiental de El Huerto de El Retiro,2025-03-02,2025-03-02,Madrid
128,Informática nivel intermedio,http://www.madrid.es/sites/v/index.jsp?vgnextchannel=ca9671ee4a9eb410VgnVCM100000171f5a0aRCRD&vgnextoid=9f01d88f2de54910VgnVCM1000001d4a900aRCRD,28022,"PLAZA EURIPIDES 1, Canillejas, SanBlas-Canillejas",10:30,Espacio de Igualdad Lucía Sánchez Saornil. San Blas-Canillejas,2025-01-13,2025-03-31,Madrid
129,Iniciación a la informática,http://www.madrid.es/sites/v/index.jsp?vgnextchannel=ca9671ee4a9eb410VgnVCM100000171f5a0aRCRD&vgnextoid=9203d88f2de54910VgnVCM1000001d4a900aRCRD,28022,"PLAZA EURIPIDES 1, Canillejas, SanBlas-Canillejas",10:30,Espacio de Igualdad Lucía Sánchez Saornil. San Blas-Canillejas,2025-01-13,2025-03-31,Madrid
130,Intercambio de libros,http://www.madrid.es/sites/v/index.jsp?vgnextchannel=ca9671ee4a9eb410VgnVCM100000171f5a0aRCRD&vgnextoid=f8f98dcd6abd1910VgnVCM1000001d4a900aRCRD,28042,"CALLE BOTICA 7, CascoHBarajas, Barajas",,Centro Cultural - Centro Socio Cultural Villa de Barajas,2024-09-30,2025-09-28,Madrid
131,INVICTUS. El deporte madrileño a través de sus trofeos,http://www.madrid.es/sites/v/index.jsp?vgnextchannel=ca9671ee4a9eb410VgnVCM100000171f5a0aRCRD&vgnextoid=880148eed77b4910VgnVCM2000001f4a900aRCRD,28004,"CALLE FUENCARRAL 78, Justicia, Centro",10:00,Museo de Historia de Madrid,2025-01-30,2025-04-27,Madrid
132,It from bit,http://www.madrid.es/sites/v/index.jsp?vgnextchannel=ca9671ee4a9eb410VgnVCM100000171f5a0aRCRD&vgnextoid=f4f03e86bd0d2910VgnVCM1000001d4a900aRCRD,28045,"PLAZA LEGAZPI 8, Chopera, Arganzuela",,Matadero Madrid,2024-12-05,2025-03-09,Madrid
133,Itinerario Ornitológico Parque del Oeste,http://www.madrid.es/sites/v/index.jsp?vgnextchannel=ca9671ee4a9eb410VgnVCM100000171f5a0aRCRD&vgnextoid=fd05c2fff9aac810VgnVCM1000001d4a900aRCRD,0,No disponible,09:00,No disponible,2025-03-02,2025-03-02,Madrid
134,Itinerario Ornitológico Parque Emperatriz María de Austria,http://www.madrid.es/sites/v/index.jsp?vgnextchannel=ca9671ee4a9eb410VgnVCM100000171f5a0aRCRD&vgnextoid=af9fc2fff9aac810VgnVCM1000001d4a900aRCRD,0,No disponible,09:00,No disponible,2025-03-01,2025-03-01,Madrid
135,Itinerario por el Parque Forestal de Valdebebas-Felipe VI,http://www.madrid.es/sites/v/index.jsp?vgnextchannel=ca9671ee4a9eb410VgnVCM100000171f5a0aRCRD&vgnextoid=5bcc79e2bc704910VgnVCM2000001f4a900aRCRD,28055,"AVENIDA LAS FUERZAS ARMADAS 11, Valdefuentes, Hortaleza",11:00,Parque Forestal de Valdebebas-Felipe VI,2025-03-02,2025-03-02,Madrid
136,IV Edición del Certamen de Fotografía Villa de Vallecas,http://www.madrid.es/sites/v/index.jsp?vgnextchannel=ca9671ee4a9eb410VgnVCM100000171f5a0aRCRD&vgnextoid=f3abcfac99225910VgnVCM2000001f4a900aRCRD,28031,"CALLE MANUEL VELEZ 10, CascoHVallecas, VillaDeVallecas",,Centro Sociocultural Francisco Fatou (Villa de Vallecas),2025-02-20,2025-03-21,Madrid
137,IV Festival de carnaval Carabanchel,http://www.madrid.es/sites/v/index.jsp?vgnextchannel=ca9671ee4a9eb410VgnVCM100000171f5a0aRCRD&vgnextoid=2f2d6cac46835910VgnVCM2000001f4a900aRCRD,28054,"CALLE SALVADOR ALLENDE 3, Buenavista, Carabanchel",11:00,Parque de Salvador Allende,2025-03-01,2025-03-01,Madrid
138,IX Muestra de Orfebrería Contemporánea,http://www.madrid.es/sites/v/index.jsp?vgnextchannel=ca9671ee4a9eb410VgnVCM100000171f5a0aRCRD&vgnextoid=33f41b63dd81b810VgnVCM1000001d4a900aRCRD,28012,"CALLE CONCEPCION JERONIMA 15, Embajadores, Centro",14:00,Imprenta Municipal - Artes del libro,2025-01-28,2025-03-23,Madrid
139,IX Muestra Orfebrería Contemporánea,http://www.madrid.es/sites/v/index.jsp?vgnextchannel=ca9671ee4a9eb410VgnVCM100000171f5a0aRCRD&vgnextoid=9c329b6c617b4910VgnVCM1000001d4a900aRCRD,28015,"CALLE CONDE DUQUE 9, Universidad, Centro",11:00,Museo de Arte Contemporáneo de Madrid,2025-02-05,2025-03-23,Madrid
140,Jornadas de filosofía. La mirada de la lechuza,http://www.madrid.es/sites/v/index.jsp?vgnextchannel=ca9671ee4a9eb410VgnVCM100000171f5a0aRCRD&vgnextoid=1705e01f5be02910VgnVCM2000001f4a900aRCRD,28037,"CALLE SAN ROMAN DEL VALLE 8, Arcos, SanBlas-Canillejas",,Centro Cultural Antonio Machado (San Blas - Canillejas),2024-10-03,2025-06-26,Madrid
141,Jornadas de sensibilización e información sobre los procesos participativos en Chamartín.,http://www.madrid.es/sites/v/index.jsp?vgnextchannel=ca9671ee4a9eb410VgnVCM100000171f5a0aRCRD&vgnextoid=9edb6e29da735910VgnVCM2000001f4a900aRCRD,0,No disponible,12:00,No disponible,2025-03-01,2025-03-01,Madrid
142,Juan sin miedo,http://www.madrid.es/sites/v/index.jsp?vgnextchannel=ca9671ee4a9eb410VgnVCM100000171f5a0aRCRD&vgnextoid=68116e29da735910VgnVCM2000001f4a900aRCRD,28028,"CALLE ENRIQUE D'ALMONTE 1, FuenteBerro, Salamanca",12:00,Centro Cultural Quinta del Berro - Rafael Altamira (Salamanca),2025-03-02,2025-03-02,Madrid
143,"Julieta, pero no mucho",http://www.madrid.es/sites/v/index.jsp?vgnextchannel=ca9671ee4a9eb410VgnVCM100000171f5a0aRCRD&vgnextoid=f3ba2c84ecd15910VgnVCM2000001f4a900aRCRD,28022,"AVENIDA SEPTIMA 11, Rejas, SanBlas-Canillejas",19:00,Centro Cultural Ciudad Pegaso (San Blas - Canillejas),2025-03-01,2025-03-01,Madrid
144,La gira de rock Quijote,http://www.madrid.es/sites/v/index.jsp?vgnextchannel=ca9671ee4a9eb410VgnVCM100000171f5a0aRCRD&vgnextoid=b3fec08889415910VgnVCM2000001f4a900aRCRD,28037,"CALLE SAN ROMAN DEL VALLE 8, Arcos, SanBlas-Canillejas",12:30,Centro Cultural Antonio Machado (San Blas - Canillejas),2025-03-02,2025-03-02,Madrid
145,La Leyenda del Titanic,http://www.madrid.es/sites/v/index.jsp?vgnextchannel=ca9671ee4a9eb410VgnVCM100000171f5a0aRCRD&vgnextoid=5ef58c83603a0910VgnVCM1000001d4a900aRCRD,28045,"PLAZA LEGAZPI 8, Chopera, Arganzuela",,Matadero Madrid,2024-09-12,2025-07-31,Madrid
146,La primavera en el mundo macro,http://www.madrid.es/sites/v/index.jsp?vgnextchannel=ca9671ee4a9eb410VgnVCM100000171f5a0aRCRD&vgnextoid=4090157fd8e15910VgnVCM1000001d4a900aRCRD,28004,"CALLE BARCELO 4, Justicia, Centro",08:30,Biblioteca Pública Municipal Mario Vargas Llosa (Centro),2025-02-21,2025-03-28,Madrid
147,La señorita de Trévelez,http://www.madrid.es/sites/v/index.jsp?vgnextchannel=ca9671ee4a9eb410VgnVCM100000171f5a0aRCRD&vgnextoid=2f9fb0f8cebe1910VgnVCM1000001d4a900aRCRD,28001,"PLAZA COLON 4, Recoletos, Salamanca",,Fernán Gómez Centro Cultural de la Villa,2025-02-16,2025-04-20,Madrid
148,La vuelta al mundo: el viaje del principito,http://www.madrid.es/sites/v/index.jsp?vgnextchannel=ca9671ee4a9eb410VgnVCM100000171f5a0aRCRD&vgnextoid=8be109b11b535910VgnVCM1000001d4a900aRCRD,28027,"CALLE ALCALA 527, ElSalvador, SanBlas-Canillejas",,Parque Quinta de los Molinos,2025-02-24,2025-03-09,Madrid
149,Laboratorio de Técnicas de Estudio y Clases de Apoyo Escolar,http://www.madrid.es/sites/v/index.jsp?vgnextchannel=ca9671ee4a9eb410VgnVCM100000171f5a0aRCRD&vgnextoid=912ed305de902910VgnVCM2000001f4a900aRCRD,28021,"ACCESO COLONIA MARCONI 4, VillaverdeAltoCH, Villaverde",18:00,Centro Sociocultural Marconi (Villaverde),2024-10-07,2025-04-28,Madrid
150,Laboratorio infantil: Preparando el Carnaval,http://www.madrid.es/sites/v/index.jsp?vgnextchannel=ca9671ee4a9eb410VgnVCM100000171f5a0aRCRD&vgnextoid=a00f434865fd4910VgnVCM2000001f4a900aRCRD,28049,"Carretera M-607 Km 13 L-10 , ElGoloso, Fuencarral-ElPardo",17:00,Centro Sociocultural Montecarmelo (Fuencarral - El Pardo),2025-02-22,2025-03-01,Madrid
151,Laboratorios ciudadanos: Rescatando la memoria de la Dehesa de la Villa,http://www.madrid.es/sites/v/index.jsp?vgnextchannel=ca9671ee4a9eb410VgnVCM100000171f5a0aRCRD&vgnextoid=0825a2fa9a3e3910VgnVCM1000001d4a900aRCRD,0,Moncloa-Aravaca,10:00,Centro de Información y Educación Ambiental de Dehesa de la Villa,2025-02-01,2025-03-30,Madrid
152,Las escénicas: taller de teatro para el empoderamiento femenino,http://www.madrid.es/sites/v/index.jsp?vgnextchannel=ca9671ee4a9eb410VgnVCM100000171f5a0aRCRD&vgnextoid=434f02b68bf54910VgnVCM2000001f4a900aRCRD,28022,"PLAZA EURIPIDES 1, Canillejas, SanBlas-Canillejas",16:30,Espacio de Igualdad Lucía Sánchez Saornil. San Blas-Canillejas,2025-01-08,2025-03-26,Madrid
153,Las marionetas de la Dehesa te cuentan,http://www.madrid.es/sites/v/index.jsp?vgnextchannel=ca9671ee4a9eb410VgnVCM100000171f5a0aRCRD&vgnextoid=5b41c9a484315910VgnVCM1000001d4a900aRCRD,0,Moncloa-Aravaca,11:00,Centro de Información y Educación Ambiental de Dehesa de la Villa,2025-03-02,2025-03-02,Madrid
154,Le kiosque,http://www.madrid.es/sites/v/index.jsp?vgnextchannel=ca9671ee4a9eb410VgnVCM100000171f5a0aRCRD&vgnextoid=4ac9d411dc735910VgnVCM1000001d4a900aRCRD,28045,"PLAZA LEGAZPI 8, Chopera, Arganzuela",19:00,Cineteca Madrid,2025-03-01,2025-03-01,Madrid
155,"Lectura de textos dramáticos traducidos, por Entre Bambalíneas",http://www.madrid.es/sites/v/index.jsp?vgnextchannel=ca9671ee4a9eb410VgnVCM100000171f5a0aRCRD&vgnextoid=1ac9ec15205d3910VgnVCM2000001f4a900aRCRD,28004,"CALLE BARCELO 4, Justicia, Centro",17:30,Biblioteca Pública Municipal Mario Vargas Llosa (Centro),2025-01-24,2025-06-20,Madrid
156,Libres y Seguras. Autodefensa feminista en el Espacio de Igualdad Lourdes Hernández,http://www.madrid.es/sites/v/index.jsp?vgnextchannel=ca9671ee4a9eb410VgnVCM100000171f5a0aRCRD&vgnextoid=90fe82449be9e810VgnVCM1000001d4a900aRCRD,28019,"CALLE COMANDANTE FONTANES 8, SanIsidro, Carabanchel",18:00,Espacio de Igualdad Lourdes Hernández. Carabanchel,2025-01-23,2025-06-26,Madrid
157,Literatura con nombre de mujer: Club de lectura.,http://www.madrid.es/sites/v/index.jsp?vgnextchannel=ca9671ee4a9eb410VgnVCM100000171f5a0aRCRD&vgnextoid=07773d9181f54910VgnVCM1000001d4a900aRCRD,28022,"PLAZA EURIPIDES 1, Canillejas, SanBlas-Canillejas",10:00,Espacio de Igualdad Lucía Sánchez Saornil. San Blas-Canillejas,2025-01-09,2025-03-28,Madrid
158,Los gigantes de la montaña,http://www.madrid.es/sites/v/index.jsp?vgnextchannel=ca9671ee4a9eb410VgnVCM100000171f5a0aRCRD&vgnextoid=5ffeb0f8cebe1910VgnVCM1000001d4a900aRCRD,28001,"PLAZA COLON 4, Recoletos, Salamanca",,Fernán Gómez Centro Cultural de la Villa,2025-01-21,2025-03-02,Madrid
159,"Los malestares de Lucía, los malestares de todas",http://www.madrid.es/sites/v/index.jsp?vgnextchannel=ca9671ee4a9eb410VgnVCM100000171f5a0aRCRD&vgnextoid=82bfb1ed8d964910VgnVCM2000001f4a900aRCRD,28022,"PLAZA EURIPIDES 1, Canillejas, SanBlas-Canillejas",12:00,Espacio de Igualdad Lucía Sánchez Saornil. San Blas-Canillejas,2025-01-09,2025-03-27,Madrid
160,Los secretos de los cuentos,http://www.madrid.es/sites/v/index.jsp?vgnextchannel=ca9671ee4a9eb410VgnVCM100000171f5a0aRCRD&vgnextoid=2d5a2c84ecd15910VgnVCM2000001f4a900aRCRD,28022,"AVENIDA SEPTIMA 11, Rejas, SanBlas-Canillejas",12:00,Centro Cultural Ciudad Pegaso (San Blas - Canillejas),2025-03-02,2025-03-02,Madrid
161,Los Secretos del Capricho: público familiar,http://www.madrid.es/sites/v/index.jsp?vgnextchannel=ca9671ee4a9eb410VgnVCM100000171f5a0aRCRD&vgnextoid=4bca9ad065bac810VgnVCM1000001d4a900aRCRD,0,No disponible,10:30,No disponible,2025-03-01,2025-03-01,Madrid
162,Los soñadores,http://www.madrid.es/sites/v/index.jsp?vgnextchannel=ca9671ee4a9eb410VgnVCM100000171f5a0aRCRD&vgnextoid=693391bed4ff4910VgnVCM1000001d4a900aRCRD,28007,"PLAZA DAOIZ Y VELARDE 2, Pacifico, Retiro",12:00,Plaza de Daoíz y Velarde,2025-03-02,2025-03-02,Madrid
163,Ludoteca en Centro Cultural  Miguel Hernández,http://www.madrid.es/sites/v/index.jsp?vgnextchannel=ca9671ee4a9eb410VgnVCM100000171f5a0aRCRD&vgnextoid=424529ae67e9e810VgnVCM2000001f4a900aRCRD,28044,"CALLE SERRADILLA 13, LasAguilas, Latina",,Centro Cultural Miguel Hernández (Latina),2024-10-04,2025-06-28,Madrid
164,Ludoteca en Centro Cultural Fernando de los Ríos,http://www.madrid.es/sites/v/index.jsp?vgnextchannel=ca9671ee4a9eb410VgnVCM100000171f5a0aRCRD&vgnextoid=c62cdfaf0ae9e810VgnVCM2000001f4a900aRCRD,28047,"CALLE CAMARENA 10, Aluche, Latina",,Centro Cultural Fernando de los Ríos (Latina),2024-10-04,2025-06-28,Madrid
165,Ludoteca en Centro Cultural José Luis Sampedro,http://www.madrid.es/sites/v/index.jsp?vgnextchannel=ca9671ee4a9eb410VgnVCM100000171f5a0aRCRD&vgnextoid=88f129ae67e9e810VgnVCM2000001f4a900aRCRD,28047,"CALLE CASTROSERNA 4, Lucero, Latina",,Centro Cultural José Luis Sampedro (Latina),2024-10-04,2025-06-28,Madrid
166,Ludoteca en Centro Cultural Sara Montiel,http://www.madrid.es/sites/v/index.jsp?vgnextchannel=ca9671ee4a9eb410VgnVCM100000171f5a0aRCRD&vgnextoid=4f9000e8cdd9e810VgnVCM2000001f4a900aRCRD,28024,"CARRETERA BOADILLA DEL MONTE 40, Campamento, Latina",,Centro Cultural Sara Montiel (Latina),2024-10-04,2025-06-28,Madrid
167,Ludoteca en Centro Sociocultural Almirante Churruca,http://www.madrid.es/sites/v/index.jsp?vgnextchannel=ca9671ee4a9eb410VgnVCM100000171f5a0aRCRD&vgnextoid=eb0e29ae67e9e810VgnVCM2000001f4a900aRCRD,28024,"CALLE FUENTE DEL TIRO 72, LasAguilas, Latina",,Centro Sociocultural Almirante Churruca (Latina),2024-10-04,2025-06-28,Madrid
168,Ludoteca en Centro Sociocultural El Greco,http://www.madrid.es/sites/v/index.jsp?vgnextchannel=ca9671ee4a9eb410VgnVCM100000171f5a0aRCRD&vgnextoid=4a5029ae67e9e810VgnVCM2000001f4a900aRCRD,28011,"CALLE EL GRECO 29, Lucero, Latina",,Centro Sociocultural El Greco (Latina),2024-10-04,2025-06-28,Madrid
169,Ludoteca en Centro Sociocultural Rosario Acuña,http://www.madrid.es/sites/v/index.jsp?vgnextchannel=ca9671ee4a9eb410VgnVCM100000171f5a0aRCRD&vgnextoid=109ddfaf0ae9e810VgnVCM2000001f4a900aRCRD,28011,"CALLE MARIA DEL CARMEN 65, PuertaAngel, Latina",,Centro Sociocultural Rosario de Acuña (Latina),2024-10-05,2025-06-28,Madrid
170,Ludoteca en la Biblioteca Ángel González,http://www.madrid.es/sites/v/index.jsp?vgnextchannel=ca9671ee4a9eb410VgnVCM100000171f5a0aRCRD&vgnextoid=50a99392d9f94810VgnVCM1000001d4a900aRCRD,28024,"CALLE GRANJA DE TORREHERMOSA 1, Aluche, Latina",09:30,Biblioteca Pública Municipal Ángel González (Latina),2024-09-14,2025-05-31,Madrid
171,Ludotecas en Centro Sociocultural Latina,http://www.madrid.es/sites/v/index.jsp?vgnextchannel=ca9671ee4a9eb410VgnVCM100000171f5a0aRCRD&vgnextoid=59c61197cb41f810VgnVCM1000001d4a900aRCRD,0,No disponible,,No disponible,2024-10-05,2025-06-28,Madrid
172,Macbeth,http://www.madrid.es/sites/v/index.jsp?vgnextchannel=ca9671ee4a9eb410VgnVCM100000171f5a0aRCRD&vgnextoid=6ffbb723be725910VgnVCM1000001d4a900aRCRD,28017,"CALLE SANTA FELICIDAD 39, Ventas, CiudadLineal",19:00,Centro Cultural la Elipa (Ciudad Lineal),2025-03-01,2025-03-01,Madrid
173,Madrid Monumental: Antonio Palacios,http://www.madrid.es/sites/v/index.jsp?vgnextchannel=ca9671ee4a9eb410VgnVCM100000171f5a0aRCRD&vgnextoid=d432e1f659714910VgnVCM2000001f4a900aRCRD,28015,"CALLE CONDE DUQUE 11, Universidad, Centro",18:30,Hemeroteca Municipal,2025-01-23,2025-12-31,Madrid
174,Madrileñas Ilustres: Rosario de Acuña (1850-1923),http://www.madrid.es/sites/v/index.jsp?vgnextchannel=ca9671ee4a9eb410VgnVCM100000171f5a0aRCRD&vgnextoid=a77f8f6c914d3910VgnVCM1000001d4a900aRCRD,28015,"CALLE CONDE DUQUE 9, Universidad, Centro",,Biblioteca Histórica Municipal,2024-12-13,2025-06-30,Madrid
175,"Marconi. Pasacalles, Concurso de Disfraces y Orquesta",http://www.madrid.es/sites/v/index.jsp?vgnextchannel=ca9671ee4a9eb410VgnVCM100000171f5a0aRCRD&vgnextoid=7f152e655eaf4910VgnVCM1000001d4a900aRCRD,28021,"ACCESO COLONIA MARCONI 4, VillaverdeAltoCH, Villaverde",18:00,Centro Sociocultural Marconi (Villaverde),2025-03-01,2025-03-01,Madrid
176,Martes de estiramientos,http://www.madrid.es/sites/v/index.jsp?vgnextchannel=ca9671ee4a9eb410VgnVCM100000171f5a0aRCRD&vgnextoid=92b5811002304910VgnVCM1000001d4a900aRCRD,28007,"CALLE ARREGUI Y ARUEJ 31, Adelfas, Retiro",10:00,Espacio de Igualdad Elena Arnedo Soriano. Retiro,2025-01-14,2025-04-22,Madrid
177,Máscaras mágicas,http://www.madrid.es/sites/v/index.jsp?vgnextchannel=ca9671ee4a9eb410VgnVCM100000171f5a0aRCRD&vgnextoid=fe2e87330c444910VgnVCM1000001d4a900aRCRD,28045,"PLAZA LEGAZPI 8, Chopera, Arganzuela",,Matadero Madrid,2025-02-01,2025-04-05,Madrid
178,Masterclass de Dirección de Fotografía en Rodaje,http://www.madrid.es/sites/v/index.jsp?vgnextchannel=ca9671ee4a9eb410VgnVCM100000171f5a0aRCRD&vgnextoid=0ba3123450bc4910VgnVCM1000001d4a900aRCRD,0,No disponible,16:00,No disponible,2025-02-11,2025-03-07,Madrid
179,Me estiro y no me estreso,http://www.madrid.es/sites/v/index.jsp?vgnextchannel=ca9671ee4a9eb410VgnVCM100000171f5a0aRCRD&vgnextoid=609a54036fb1d810VgnVCM1000001d4a900aRCRD,28043,"CALLE MATAPOZUELOS 2, Canillas, Hortaleza",18:00,Espacio de Igualdad Carme Chacón. Hortaleza,2025-01-08,2025-04-30,Madrid
180,Meditación Vipassana,http://www.madrid.es/sites/v/index.jsp?vgnextchannel=ca9671ee4a9eb410VgnVCM100000171f5a0aRCRD&vgnextoid=50231f760e2b1910VgnVCM2000001f4a900aRCRD,0,No disponible,09:45,No disponible,2024-09-18,2025-06-18,Madrid
181,Memories,http://www.madrid.es/sites/v/index.jsp?vgnextchannel=ca9671ee4a9eb410VgnVCM100000171f5a0aRCRD&vgnextoid=046fc08889415910VgnVCM2000001f4a900aRCRD,28037,"CALLE SAN ROMAN DEL VALLE 8, Arcos, SanBlas-Canillejas",19:00,Centro Cultural Antonio Machado (San Blas - Canillejas),2025-03-02,2025-03-02,Madrid
182,Mermelhada - El Retablo (Madrid),http://www.madrid.es/sites/v/index.jsp?vgnextchannel=ca9671ee4a9eb410VgnVCM100000171f5a0aRCRD&vgnextoid=4db1d242f8884910VgnVCM2000001f4a900aRCRD,28009,"AVENIDA MÉXICO 4, LosJeronimos, Retiro",,Teatro Municipal de Títeres. Parque de El Retiro,2025-03-01,2025-03-02,Madrid
183,Murdle,http://www.madrid.es/sites/v/index.jsp?vgnextchannel=ca9671ee4a9eb410VgnVCM100000171f5a0aRCRD&vgnextoid=05937d994a115910VgnVCM1000001d4a900aRCRD,28045,"PLAZA LEGAZPI 8, Chopera, Arganzuela",17:00,Matadero Madrid,2025-03-01,2025-03-01,Madrid
184,Natacha,http://www.madrid.es/sites/v/index.jsp?vgnextchannel=ca9671ee4a9eb410VgnVCM100000171f5a0aRCRD&vgnextoid=abeee2fc6e6c1910VgnVCM1000001d4a900aRCRD,28012,"CALLE PRINCIPE 25, Cortes, Centro",19:30,Teatro Español,2025-02-11,2025-03-30,Madrid
185,Nerium Park,http://www.madrid.es/sites/v/index.jsp?vgnextchannel=ca9671ee4a9eb410VgnVCM100000171f5a0aRCRD&vgnextoid=40029f45bf9e1910VgnVCM1000001d4a900aRCRD,28045,"PASEO CHOPERA 14, Chopera, Arganzuela",19:30,Nave 10 Matadero. Creación Dramática Contemporánea,2025-02-27,2025-03-23,Madrid
186,Nosotras creamos mundo,http://www.madrid.es/sites/v/index.jsp?vgnextchannel=ca9671ee4a9eb410VgnVCM100000171f5a0aRCRD&vgnextoid=c8d733d971394910VgnVCM1000001d4a900aRCRD,28041,"CALLE ESTAFETA 33, SanFermin, Usera",12:00,Centro Sociocultural San Fermín (Usera),2025-03-01,2025-03-01,Madrid
187,Nuestros lugares en el barrio [Mujeres Compartiendo Sabiduría],http://www.madrid.es/sites/v/index.jsp?vgnextchannel=ca9671ee4a9eb410VgnVCM100000171f5a0aRCRD&vgnextoid=a3a1aff289ed2910VgnVCM2000001f4a900aRCRD,28022,"PLAZA EURIPIDES 1, Canillejas, SanBlas-Canillejas",10:30,Espacio de Igualdad Lucía Sánchez Saornil. San Blas-Canillejas,2025-01-09,2025-03-27,Madrid
188,Orfebres en Madrid. IX Muestra de Orfebrería Contemporánea,http://www.madrid.es/sites/v/index.jsp?vgnextchannel=ca9671ee4a9eb410VgnVCM100000171f5a0aRCRD&vgnextoid=2fdcb4e35c6b4910VgnVCM2000001f4a900aRCRD,28004,"CALLE FUENCARRAL 78, Justicia, Centro",10:00,Museo de Historia de Madrid,2025-02-05,2025-03-23,Madrid
189,Palabras imaginadas. Lectura gráfica,http://www.madrid.es/sites/v/index.jsp?vgnextchannel=ca9671ee4a9eb410VgnVCM100000171f5a0aRCRD&vgnextoid=044d15be70332910VgnVCM1000001d4a900aRCRD,28045,"PLAZA LEGAZPI 8, Chopera, Arganzuela",,Matadero Madrid,2024-10-16,2025-03-09,Madrid
190,Panorama de los centros educativos de Tetuán,http://www.madrid.es/sites/v/index.jsp?vgnextchannel=ca9671ee4a9eb410VgnVCM100000171f5a0aRCRD&vgnextoid=bdbad53414e15910VgnVCM1000001d4a900aRCRD,28039,"CALLE FRANCOS RODRIGUEZ 67, BellasVistas, Tetuan",,Biblioteca Pública Municipal Manuel Vázquez Montalbán (Tetuán),2025-02-19,2025-03-14,Madrid
191,Parkour por Madrid,http://www.madrid.es/sites/v/index.jsp?vgnextchannel=ca9671ee4a9eb410VgnVCM100000171f5a0aRCRD&vgnextoid=56b10f40cb9d0910VgnVCM2000001f4a900aRCRD,28021,"PASEO PLATA Y CASTAÑAR 7, SanAndres, Villaverde",00:00,Centro Deportivo Municipal Plata y Castañar,2024-09-01,2025-06-30,Madrid
192,Pasarela Brasil Fashion Madrid III Edición,http://www.madrid.es/sites/v/index.jsp?vgnextchannel=ca9671ee4a9eb410VgnVCM100000171f5a0aRCRD&vgnextoid=e0a80089de4f4910VgnVCM2000001f4a900aRCRD,28009,"PASEO FERNÁN NÚÑEZ 24, LosJeronimos, Retiro",,Biblioteca Pública Municipal Eugenio Trías. Casa de Fieras de El Retiro (Retiro),2025-02-10,2025-03-16,Madrid
193,Piragüismo por Madrid,http://www.madrid.es/sites/v/index.jsp?vgnextchannel=ca9671ee4a9eb410VgnVCM100000171f5a0aRCRD&vgnextoid=6a73b16daa0b2810VgnVCM1000001d4a900aRCRD,28042,"GLORIETA S.A.R. DON JUAN DE BORBON Y BATTEMBERG, 5 5, Corralejos, Barajas",00:00,Parque Juan Carlos I,2024-09-01,2025-07-31,Madrid
194,Podcast: Escuchemos las voces de las mujeres,http://www.madrid.es/sites/v/index.jsp?vgnextchannel=ca9671ee4a9eb410VgnVCM100000171f5a0aRCRD&vgnextoid=85a7811002304910VgnVCM1000001d4a900aRCRD,28007,"CALLE ARREGUI Y ARUEJ 31, Adelfas, Retiro",17:00,Espacio de Igualdad Elena Arnedo Soriano. Retiro,2025-01-23,2025-06-12,Madrid
195,Punto de intercambio de libros gratuito,http://www.madrid.es/sites/v/index.jsp?vgnextchannel=ca9671ee4a9eb410VgnVCM100000171f5a0aRCRD&vgnextoid=a002ee1131644910VgnVCM1000001d4a900aRCRD,28042,"PLAZA NAVIO 4, AlamedaOsuna, Barajas",,Centro Sociocultural Teresa de Calcuta (Barajas),2025-01-01,2033-01-31,Madrid
196,Puntos de intercambio gratuitos de libros en los Centros Culturales de Barajas,http://www.madrid.es/sites/v/index.jsp?vgnextchannel=ca9671ee4a9eb410VgnVCM100000171f5a0aRCRD&vgnextoid=809e3ec8f3237810VgnVCM1000001d4a900aRCRD,0,No disponible,,No disponible,2023-04-10,2029-06-30,Madrid
197,Rastreando la vida silvestre,http://www.madrid.es/sites/v/index.jsp?vgnextchannel=ca9671ee4a9eb410VgnVCM100000171f5a0aRCRD&vgnextoid=a9778061b6e15910VgnVCM2000001f4a900aRCRD,28026,"CALLE DOCTOR TOLOSA LATOUR 16, Pradolongo, Usera",11:00,Centro de Educación Ambiental y Cultural Maris Stella (Usera),2025-03-02,2025-03-02,Madrid
198,Reinforce English,http://www.madrid.es/sites/v/index.jsp?vgnextchannel=ca9671ee4a9eb410VgnVCM100000171f5a0aRCRD&vgnextoid=8fa7c406a51b4910VgnVCM2000001f4a900aRCRD,28005,"CALLE SAN JUSTO 5, Palacio, Centro",18:00,Biblioteca Pública Municipal Iván de Vargas (Centro),2025-01-29,2025-06-25,Madrid
199,Repair Café Madrid 2024-25,http://www.madrid.es/sites/v/index.jsp?vgnextchannel=ca9671ee4a9eb410VgnVCM100000171f5a0aRCRD&vgnextoid=87e6a32fa9322910VgnVCM1000001d4a900aRCRD,28045,"PASEO CHOPERA 14, Chopera, Arganzuela",18:00,Medialab en Matadero. Matadero Madrid,2024-09-28,2025-07-26,Madrid
200,RESIDENCIAS ARTÍSTICAS LIVING MUSEUM 2024-25,http://www.madrid.es/sites/v/index.jsp?vgnextchannel=ca9671ee4a9eb410VgnVCM100000171f5a0aRCRD&vgnextoid=bf64250baf992910VgnVCM1000001d4a900aRCRD,28015,"CALLE CONDE DUQUE 9, Universidad, Centro",,Centro de Cultura Contemporánea Conde Duque,2024-10-01,2025-05-25,Madrid
201,Retrato de la Mujer en Ciencia:  ilustrando la historia de científicas y sus  descubrimientos,http://www.madrid.es/sites/v/index.jsp?vgnextchannel=ca9671ee4a9eb410VgnVCM100000171f5a0aRCRD&vgnextoid=e1f1a8c219315910VgnVCM2000001f4a900aRCRD,28022,"CALLE BOLTAÑA 27, Canillejas, SanBlas-Canillejas",,Centro Cultural Buero Vallejo (San Blas - Canillejas),2025-03-01,2025-03-31,Madrid
202,Revelar: Descubriendo lo ignorado.,http://www.madrid.es/sites/v/index.jsp?vgnextchannel=ca9671ee4a9eb410VgnVCM100000171f5a0aRCRD&vgnextoid=51739c4490405910VgnVCM1000001d4a900aRCRD,28045,"PASEO CHOPERA 6, Chopera, Arganzuela",,Centro Cultural Casa del Reloj (Arganzuela),2025-02-19,2025-03-13,Madrid
203,Revista Afal. Pequeña y libre,http://www.madrid.es/sites/v/index.jsp?vgnextchannel=ca9671ee4a9eb410VgnVCM100000171f5a0aRCRD&vgnextoid=eed9ea6b993d3910VgnVCM1000001d4a900aRCRD,28014,"CALLE ALAMEDA 15, Cortes, Centro",,Espacio Cultural Serrería Belga,2024-12-18,2025-03-30,Madrid
204,Ritmos Latinos y Bailes Americanos (Nivel Medio). Jornadas gratuitas,http://www.madrid.es/sites/v/index.jsp?vgnextchannel=ca9671ee4a9eb410VgnVCM100000171f5a0aRCRD&vgnextoid=5f96e01f5be02910VgnVCM2000001f4a900aRCRD,28037,"CALLE SAN ROMAN DEL VALLE 8, Arcos, SanBlas-Canillejas",,Centro Cultural Antonio Machado (San Blas - Canillejas),2024-10-04,2025-06-27,Madrid
205,Roberta González. Una pequeña colección madrileña.,http://www.madrid.es/sites/v/index.jsp?vgnextchannel=ca9671ee4a9eb410VgnVCM100000171f5a0aRCRD&vgnextoid=94b9e2e286ada810VgnVCM1000001d4a900aRCRD,28015,"CALLE CONDE DUQUE 9, Universidad, Centro",12:00,Museo de Arte Contemporáneo de Madrid,2023-10-05,2025-05-04,Madrid
206,Rutas Medioambientales Invierno 2025 - Distrito de Villaverde,http://www.madrid.es/sites/v/index.jsp?vgnextchannel=ca9671ee4a9eb410VgnVCM100000171f5a0aRCRD&vgnextoid=5230dca2f3964910VgnVCM1000001d4a900aRCRD,0,No disponible,,No disponible,2025-01-19,2025-03-16,Madrid
207,San Cristóbal de los Ángeles. Concurso de Disfraces y Baile con Orquesta,http://www.madrid.es/sites/v/index.jsp?vgnextchannel=ca9671ee4a9eb410VgnVCM100000171f5a0aRCRD&vgnextoid=1e752e655eaf4910VgnVCM1000001d4a900aRCRD,0,No disponible,21:30,No disponible,2025-03-01,2025-03-01,Madrid
208,Sanando y aceptándonos en colectividad,http://www.madrid.es/sites/v/index.jsp?vgnextchannel=ca9671ee4a9eb410VgnVCM100000171f5a0aRCRD&vgnextoid=31bcb1ed8d964910VgnVCM2000001f4a900aRCRD,28022,"PLAZA EURIPIDES 1, Canillejas, SanBlas-Canillejas",18:30,Espacio de Igualdad Lucía Sánchez Saornil. San Blas-Canillejas,2025-01-13,2025-03-31,Madrid
209,Senda Descubre la vida silvestre del parque de Pradolongo,http://www.madrid.es/sites/v/index.jsp?vgnextchannel=ca9671ee4a9eb410VgnVCM100000171f5a0aRCRD&vgnextoid=26378061b6e15910VgnVCM2000001f4a900aRCRD,28026,"CALLE DOCTOR TOLOSA LATOUR 16, Pradolongo, Usera",10:00,Centro de Educación Ambiental y Cultural Maris Stella (Usera),2025-03-01,2025-03-01,Madrid
210,Senderismo al invernadero de Arganzuela,http://www.madrid.es/sites/v/index.jsp?vgnextchannel=ca9671ee4a9eb410VgnVCM100000171f5a0aRCRD&vgnextoid=6c430feb643f3910VgnVCM1000001d4a900aRCRD,28011,"PARQUE CASA DE CAMPO (JUNTO AL EMBARCADERO DEL LAGO) , CasaCampo, Moncloa-Aravaca",10:00,Centro de Información y Educación Ambiental de Casa de Campo,2025-03-02,2025-03-02,Madrid
211,"Senderismo urbano. Emilia Pardo Bazán: mujer en la cultura, reto y naturaleza.",http://www.madrid.es/sites/v/index.jsp?vgnextchannel=ca9671ee4a9eb410VgnVCM100000171f5a0aRCRD&vgnextoid=2660c9a484315910VgnVCM1000001d4a900aRCRD,0,Moncloa-Aravaca,11:00,Centro de Información y Educación Ambiental de Dehesa de la Villa,2025-03-01,2025-03-01,Madrid
212,Sinfonía en clave de MAC. Obras maestras del Museo de Arte Contemporáneo,http://www.madrid.es/sites/v/index.jsp?vgnextchannel=ca9671ee4a9eb410VgnVCM100000171f5a0aRCRD&vgnextoid=a193a1fda6773910VgnVCM2000001f4a900aRCRD,28015,"CALLE CONDE DUQUE 9, Universidad, Centro",12:00,Museo de Arte Contemporáneo de Madrid,2024-12-05,2025-06-01,Madrid
213,Sobreviure a l'incendi: El documental de ZOO,http://www.madrid.es/sites/v/index.jsp?vgnextchannel=ca9671ee4a9eb410VgnVCM100000171f5a0aRCRD&vgnextoid=becf119345225910VgnVCM1000001d4a900aRCRD,28045,"PLAZA LEGAZPI 8, Chopera, Arganzuela",,Cineteca Madrid,2025-03-01,2025-03-04,Madrid
214,Sombras de tinta,http://www.madrid.es/sites/v/index.jsp?vgnextchannel=ca9671ee4a9eb410VgnVCM100000171f5a0aRCRD&vgnextoid=25409cf356325910VgnVCM1000001d4a900aRCRD,28039,"CALLE FRANCOS RODRIGUEZ 67, BellasVistas, Tetuan",,Biblioteca Pública Municipal Manuel Vázquez Montalbán (Tetuán),2025-02-21,2025-03-21,Madrid
215,Taller de ajedrez avanzado (Infantil-juvenil),http://www.madrid.es/sites/v/index.jsp?vgnextchannel=ca9671ee4a9eb410VgnVCM100000171f5a0aRCRD&vgnextoid=3e7958cef3391910VgnVCM2000001f4a900aRCRD,28041,"PLAZA PUEBLO 2, Orcasur, Usera",19:00,Biblioteca Pública Municipal Gabriel García Márquez (Usera),2024-10-02,2025-06-11,Madrid
216,Taller de ajedrez (Avanzado),http://www.madrid.es/sites/v/index.jsp?vgnextchannel=ca9671ee4a9eb410VgnVCM100000171f5a0aRCRD&vgnextoid=70bded4a8e291910VgnVCM1000001d4a900aRCRD,28022,"CALLE BOLTAÑA 23, Canillejas, SanBlas-Canillejas",12:00,Biblioteca Pública Municipal Canillejas (San Blas-Canillejas),2024-09-27,2025-06-13,Madrid
217,Taller de ajedrez (Avanzado),http://www.madrid.es/sites/v/index.jsp?vgnextchannel=ca9671ee4a9eb410VgnVCM100000171f5a0aRCRD&vgnextoid=5839c187df291910VgnVCM1000001d4a900aRCRD,28041,"AVENIDA SAN FERMIN 10, SanFermin, Usera",19:00,Biblioteca Pública Municipal San Fermín (Usera),2024-09-30,2025-06-23,Madrid
218,Taller de ajedrez (avanzado),http://www.madrid.es/sites/v/index.jsp?vgnextchannel=ca9671ee4a9eb410VgnVCM100000171f5a0aRCRD&vgnextoid=2a05eb6d989d3910VgnVCM1000001d4a900aRCRD,28025,"CALLE GENERAL RICARDOS 252, VistaAlegre, Carabanchel",18:30,Biblioteca Pública Municipal La Chata (Carabanchel),2024-10-01,2025-06-10,Madrid
219,Taller de ajedrez (Iniciación),http://www.madrid.es/sites/v/index.jsp?vgnextchannel=ca9671ee4a9eb410VgnVCM100000171f5a0aRCRD&vgnextoid=a9a9ed4a8e291910VgnVCM1000001d4a900aRCRD,28022,"CALLE BOLTAÑA 23, Canillejas, SanBlas-Canillejas",11:00,Biblioteca Pública Municipal Canillejas (San Blas-Canillejas),2024-09-27,2025-06-13,Madrid
220,Taller de ajedrez (iniciación),http://www.madrid.es/sites/v/index.jsp?vgnextchannel=ca9671ee4a9eb410VgnVCM100000171f5a0aRCRD&vgnextoid=4f03eb6d989d3910VgnVCM1000001d4a900aRCRD,28025,"CALLE GENERAL RICARDOS 252, VistaAlegre, Carabanchel",17:30,Biblioteca Pública Municipal La Chata (Carabanchel),2024-10-01,2025-06-10,Madrid
221,Taller de Bancal lasaña en el Huerto Urbano Comunitario Kupina Morera,http://www.madrid.es/sites/v/index.jsp?vgnextchannel=ca9671ee4a9eb410VgnVCM100000171f5a0aRCRD&vgnextoid=7554114bbe725910VgnVCM2000001f4a900aRCRD,0,No disponible,11:00,No disponible,2025-03-01,2025-03-01,Madrid
222,Taller de cine,http://www.madrid.es/sites/v/index.jsp?vgnextchannel=ca9671ee4a9eb410VgnVCM100000171f5a0aRCRD&vgnextoid=5202ddbf75b41910VgnVCM2000001f4a900aRCRD,28050,"CALLE PRINCESA DE EBOLI 29, Valdefuentes, Hortaleza",17:30,Biblioteca Pública Municipal María Lejárraga (Hortaleza),2024-10-15,2025-05-27,Madrid
223,Taller de cine,http://www.madrid.es/sites/v/index.jsp?vgnextchannel=ca9671ee4a9eb410VgnVCM100000171f5a0aRCRD&vgnextoid=1d50ddbf75b41910VgnVCM2000001f4a900aRCRD,28017,"CALLE NUESTRA SEÑORA DEL VILLAR 6, LaElipa, CiudadLineal",11:00,Biblioteca Pública Municipal La Elipa (Ciudad Lineal),2024-10-08,2025-05-27,Madrid
224,Taller de cómic (Infantil),http://www.madrid.es/sites/v/index.jsp?vgnextchannel=ca9671ee4a9eb410VgnVCM100000171f5a0aRCRD&vgnextoid=fcd9ecedfd123910VgnVCM2000001f4a900aRCRD,28022,"CALLE MARIA SEVILLA DIAGO 15, Rosas, SanBlas-Canillejas",18:00,Biblioteca Pública Municipal José Hierro (San Blas-Canillejas),2024-11-25,2025-05-19,Madrid
225,Taller de cómic (Infantil),http://www.madrid.es/sites/v/index.jsp?vgnextchannel=ca9671ee4a9eb410VgnVCM100000171f5a0aRCRD&vgnextoid=ad3087ffb3f64910VgnVCM1000001d4a900aRCRD,28030,"CALLE ARROYO BELINCOSO 11, MediaLegua, Moratalaz",18:00,Biblioteca Pública Municipal Miguel Delibes (Moratalaz),2025-01-15,2025-05-21,Madrid
226,Taller de cómic (Infantil),http://www.madrid.es/sites/v/index.jsp?vgnextchannel=ca9671ee4a9eb410VgnVCM100000171f5a0aRCRD&vgnextoid=5c9ec45e58724910VgnVCM2000001f4a900aRCRD,28029,"PLAZA DONOSO 5, Almenara, Tetuan",17:30,Biblioteca Pública Municipal María Zambrano (Tetuán),2025-01-08,2025-06-04,Madrid
227,Taller de cómic (Infantil),http://www.madrid.es/sites/v/index.jsp?vgnextchannel=ca9671ee4a9eb410VgnVCM100000171f5a0aRCRD&vgnextoid=fbc06ac373051910VgnVCM2000001f4a900aRCRD,28053,"AVENIDA GLORIETAS 19, Entrevias, PuenteDeVallecas",17:30,Biblioteca Pública Municipal Pozo del Tío Raimundo (Puente de Vallecas),2024-09-30,2025-06-02,Madrid
228,Taller de cómic (Infantil),http://www.madrid.es/sites/v/index.jsp?vgnextchannel=ca9671ee4a9eb410VgnVCM100000171f5a0aRCRD&vgnextoid=b77d6ac373051910VgnVCM2000001f4a900aRCRD,28041,"PLAZA PUEBLO 2, Orcasur, Usera",18:00,Biblioteca Pública Municipal Gabriel García Márquez (Usera),2024-09-24,2025-06-03,Madrid
229,Taller de cómic (juvenil),http://www.madrid.es/sites/v/index.jsp?vgnextchannel=ca9671ee4a9eb410VgnVCM100000171f5a0aRCRD&vgnextoid=fb9a63238a0b3910VgnVCM1000001d4a900aRCRD,28005,"CALLE SAN JUSTO 5, Palacio, Centro",12:00,Biblioteca Pública Municipal Iván de Vargas (Centro),2024-10-05,2025-06-07,Madrid
230,Taller de Creación de Telares,http://www.madrid.es/sites/v/index.jsp?vgnextchannel=ca9671ee4a9eb410VgnVCM100000171f5a0aRCRD&vgnextoid=5fda74c90efe4910VgnVCM2000001f4a900aRCRD,28021,"ACCESO COLONIA MARCONI 4, VillaverdeAltoCH, Villaverde",10:00,Centro Sociocultural Marconi (Villaverde),2025-02-28,2025-04-04,Madrid
231,Taller de Creación Literaria en la Biblioteca Francisco Ibáñez,http://www.madrid.es/sites/v/index.jsp?vgnextchannel=ca9671ee4a9eb410VgnVCM100000171f5a0aRCRD&vgnextoid=cb053785d0f64910VgnVCM1000001d4a900aRCRD,28002,"CALLE MANTUANO 51, CiudadJardin, Chamartin",11:00,Biblioteca Pública Municipal Francisco Ibáñez (Chamartín),2025-02-27,2025-06-26,Madrid
232,Taller de creación literaria en la Biblioteca Miguel Delibes,http://www.madrid.es/sites/v/index.jsp?vgnextchannel=ca9671ee4a9eb410VgnVCM100000171f5a0aRCRD&vgnextoid=38a2ddbf75b41910VgnVCM2000001f4a900aRCRD,28030,"CALLE ARROYO BELINCOSO 11, MediaLegua, Moratalaz",18:30,Biblioteca Pública Municipal Miguel Delibes (Moratalaz),2024-10-01,2025-06-10,Madrid
233,Taller de Historia de Madrid,http://www.madrid.es/sites/v/index.jsp?vgnextchannel=ca9671ee4a9eb410VgnVCM100000171f5a0aRCRD&vgnextoid=8b112bc9b3631910VgnVCM2000001f4a900aRCRD,28041,"PLAZA PUEBLO 2, Orcasur, Usera",18:00,Biblioteca Pública Municipal Gabriel García Márquez (Usera),2024-10-02,2025-06-11,Madrid
234,Taller de juegos (infantil),http://www.madrid.es/sites/v/index.jsp?vgnextchannel=ca9671ee4a9eb410VgnVCM100000171f5a0aRCRD&vgnextoid=3a1f32fa46a61910VgnVCM1000001d4a900aRCRD,28041,"PLAZA PUEBLO 2, Orcasur, Usera",18:00,Biblioteca Pública Municipal Gabriel García Márquez (Usera),2024-10-17,2025-05-29,Madrid
235,Taller de juegos (infantil),http://www.madrid.es/sites/v/index.jsp?vgnextchannel=ca9671ee4a9eb410VgnVCM100000171f5a0aRCRD&vgnextoid=3bce32fa46a61910VgnVCM1000001d4a900aRCRD,28032,"BULEVAR INDALECIO PRIETO 21, Valdebernardo, Vicalvaro",18:00,Biblioteca Pública Municipal Francisco Ayala (Vicálvaro),2024-10-02,2025-05-28,Madrid
236,Taller de Manualidades (infantil),http://www.madrid.es/sites/v/index.jsp?vgnextchannel=ca9671ee4a9eb410VgnVCM100000171f5a0aRCRD&vgnextoid=4a4419b794a61910VgnVCM1000001d4a900aRCRD,28022,"CALLE BOLTAÑA 23, Canillejas, SanBlas-Canillejas",18:00,Biblioteca Pública Municipal Canillejas (San Blas-Canillejas),2024-10-02,2025-05-28,Madrid
237,Taller de Manualidades (infantil),http://www.madrid.es/sites/v/index.jsp?vgnextchannel=ca9671ee4a9eb410VgnVCM100000171f5a0aRCRD&vgnextoid=72bc87ffb3f64910VgnVCM1000001d4a900aRCRD,28030,"CALLE ARROYO BELINCOSO 11, MediaLegua, Moratalaz",18:00,Biblioteca Pública Municipal Miguel Delibes (Moratalaz),2025-01-16,2025-05-08,Madrid
238,Taller de Poesía,http://www.madrid.es/sites/v/index.jsp?vgnextchannel=ca9671ee4a9eb410VgnVCM100000171f5a0aRCRD&vgnextoid=b4fc6e037df92910VgnVCM2000001f4a900aRCRD,28041,"AVENIDA SAN FERMIN 10, SanFermin, Usera",18:00,Biblioteca Pública Municipal San Fermín (Usera),2024-10-15,2025-06-17,Madrid
239,Taller de Poesía,http://www.madrid.es/sites/v/index.jsp?vgnextchannel=ca9671ee4a9eb410VgnVCM100000171f5a0aRCRD&vgnextoid=f0b09ab0b9c21910VgnVCM1000001d4a900aRCRD,28053,"CALLE PUERTO DEL MONASTERIO 1, SanDiego, PuenteDeVallecas",10:00,Biblioteca Pública Municipal Vallecas (Puente de Vallecas),2024-10-01,2025-06-10,Madrid
240,Taller de Psicología,http://www.madrid.es/sites/v/index.jsp?vgnextchannel=ca9671ee4a9eb410VgnVCM100000171f5a0aRCRD&vgnextoid=2b0d6081f5f92910VgnVCM1000001d4a900aRCRD,28053,"CALLE PUERTO DEL MONASTERIO 1, SanDiego, PuenteDeVallecas",10:00,Biblioteca Pública Municipal Vallecas (Puente de Vallecas),2024-10-18,2025-06-06,Madrid
241,Taller de Psicología,http://www.madrid.es/sites/v/index.jsp?vgnextchannel=ca9671ee4a9eb410VgnVCM100000171f5a0aRCRD&vgnextoid=9b54e902e0631910VgnVCM1000001d4a900aRCRD,28053,"AVENIDA GLORIETAS 19, Entrevias, PuenteDeVallecas",11:00,Biblioteca Pública Municipal Pozo del Tío Raimundo (Puente de Vallecas),2024-10-02,2025-05-28,Madrid
242,Taller de semilleros en el Huerto Urbano Comunitario Garbanzal Las Montijas,http://www.madrid.es/sites/v/index.jsp?vgnextchannel=ca9671ee4a9eb410VgnVCM100000171f5a0aRCRD&vgnextoid=2573114bbe725910VgnVCM2000001f4a900aRCRD,0,No disponible,11:00,No disponible,2025-03-01,2025-03-01,Madrid
243,Taller Formativo de Producción Musical,http://www.madrid.es/sites/v/index.jsp?vgnextchannel=ca9671ee4a9eb410VgnVCM100000171f5a0aRCRD&vgnextoid=51133276cdfd4910VgnVCM1000001d4a900aRCRD,0,No disponible,16:30,No disponible,2025-02-10,2025-04-07,Madrid
244,Taller Intergeneracional,http://www.madrid.es/sites/v/index.jsp?vgnextchannel=ca9671ee4a9eb410VgnVCM100000171f5a0aRCRD&vgnextoid=3a2009b11b535910VgnVCM1000001d4a900aRCRD,28027,"CALLE ALCALA 527, ElSalvador, SanBlas-Canillejas",,Parque Quinta de los Molinos,2025-02-24,2025-03-06,Madrid
245,Taller 'Pequeñas científicas',http://www.madrid.es/sites/v/index.jsp?vgnextchannel=ca9671ee4a9eb410VgnVCM100000171f5a0aRCRD&vgnextoid=30729cf356325910VgnVCM1000001d4a900aRCRD,28009,"PASEO FERNAN NUÑEZ 10, LosJeronimos, Retiro",16:30,Aula ambiental La Cabaña del Retiro,2025-03-01,2025-03-01,Madrid
246,Taller 'Pequeños hortelanos',http://www.madrid.es/sites/v/index.jsp?vgnextchannel=ca9671ee4a9eb410VgnVCM100000171f5a0aRCRD&vgnextoid=130d9cf356325910VgnVCM1000001d4a900aRCRD,28009,"PASEO FERNAN NUÑEZ 10, LosJeronimos, Retiro",11:00,Aula ambiental La Cabaña del Retiro,2025-03-02,2025-03-02,Madrid
247,Taller 'Remedial English',http://www.madrid.es/sites/v/index.jsp?vgnextchannel=ca9671ee4a9eb410VgnVCM100000171f5a0aRCRD&vgnextoid=5d86b2481b1e1910VgnVCM2000001f4a900aRCRD,28022,"CALLE MARIA SEVILLA DIAGO 15, Rosas, SanBlas-Canillejas",18:00,Biblioteca Pública Municipal José Hierro (San Blas-Canillejas),2024-10-08,2025-04-29,Madrid
248,Taller 'Remedial English',http://www.madrid.es/sites/v/index.jsp?vgnextchannel=ca9671ee4a9eb410VgnVCM100000171f5a0aRCRD&vgnextoid=9274b2481b1e1910VgnVCM2000001f4a900aRCRD,28002,"CALLE MANTUANO 51, CiudadJardin, Chamartin",18:00,Biblioteca Pública Municipal Francisco Ibáñez (Chamartín),2024-10-08,2025-04-29,Madrid
249,Taller 'Remedial English',http://www.madrid.es/sites/v/index.jsp?vgnextchannel=ca9671ee4a9eb410VgnVCM100000171f5a0aRCRD&vgnextoid=cd6ab01c7d402910VgnVCM1000001d4a900aRCRD,28005,"CALLE SAN JUSTO 5, Palacio, Centro",18:00,Biblioteca Pública Municipal Iván de Vargas (Centro),2024-10-08,2025-04-29,Madrid
250,Taller 'Remedial English',http://www.madrid.es/sites/v/index.jsp?vgnextchannel=ca9671ee4a9eb410VgnVCM100000171f5a0aRCRD&vgnextoid=867b0525bf520910VgnVCM1000001d4a900aRCRD,28004,"CALLE BARCELO 4, Justicia, Centro",18:00,Biblioteca Pública Municipal Mario Vargas Llosa (Centro),2024-10-07,2025-04-28,Madrid
251,Talleres creativos en idioma serbio,http://www.madrid.es/sites/v/index.jsp?vgnextchannel=ca9671ee4a9eb410VgnVCM100000171f5a0aRCRD&vgnextoid=394cdaa14d721910VgnVCM2000001f4a900aRCRD,28005,"CALLE SAN JUSTO 5, Palacio, Centro",11:00,Biblioteca Pública Municipal Iván de Vargas (Centro),2024-09-22,2025-06-22,Madrid
252,Talleres de máscaras,http://www.madrid.es/sites/v/index.jsp?vgnextchannel=ca9671ee4a9eb410VgnVCM100000171f5a0aRCRD&vgnextoid=e206292bc8325910VgnVCM2000001f4a900aRCRD,28020,"CALLE BRAVO MURILLO 251, Berruguete, Tetuan",,Centro Sociocultural Tetuán,2025-03-01,2025-03-01,Madrid
253,Talleres de reflexión y meditación: la acción coherente,http://www.madrid.es/sites/v/index.jsp?vgnextchannel=ca9671ee4a9eb410VgnVCM100000171f5a0aRCRD&vgnextoid=21499827a09d2910VgnVCM1000001d4a900aRCRD,28022,"CALLE BOLTAÑA 23, Canillejas, SanBlas-Canillejas",18:30,Biblioteca Pública Municipal Canillejas (San Blas-Canillejas),2024-11-13,2025-03-05,Madrid
254,Talleres Infantiles de Carnaval. Centros Socioculturales de Villaverde,http://www.madrid.es/sites/v/index.jsp?vgnextchannel=ca9671ee4a9eb410VgnVCM100000171f5a0aRCRD&vgnextoid=063ebe426bef4910VgnVCM1000001d4a900aRCRD,0,No disponible,11:00,No disponible,2025-03-01,2025-03-01,Madrid
255,Tecnologías tras las exposiciones inmersivas: sentir sin tocar,http://www.madrid.es/sites/v/index.jsp?vgnextchannel=ca9671ee4a9eb410VgnVCM100000171f5a0aRCRD&vgnextoid=ab01d58d22984910VgnVCM1000001d4a900aRCRD,28041,"AVENIDA SAN FERMIN 10, SanFermin, Usera",18:00,Biblioteca Pública Municipal San Fermín (Usera),2025-02-07,2025-06-06,Madrid
256,Tejedoras en autonomía [Mujeres Compartiendo Sabiduría],http://www.madrid.es/sites/v/index.jsp?vgnextchannel=ca9671ee4a9eb410VgnVCM100000171f5a0aRCRD&vgnextoid=c257582a56f54910VgnVCM1000001d4a900aRCRD,28022,"PLAZA EURIPIDES 1, Canillejas, SanBlas-Canillejas",17:00,Espacio de Igualdad Lucía Sánchez Saornil. San Blas-Canillejas,2025-01-09,2025-03-27,Madrid
257,Tejiendo Colores,http://www.madrid.es/sites/v/index.jsp?vgnextchannel=ca9671ee4a9eb410VgnVCM100000171f5a0aRCRD&vgnextoid=f1868061b6e15910VgnVCM2000001f4a900aRCRD,28026,"CALLE DOCTOR TOLOSA LATOUR 16, Pradolongo, Usera",,Centro de Educación Ambiental y Cultural Maris Stella (Usera),2025-03-01,2025-03-31,Madrid
258,Tejiendo palabras,http://www.madrid.es/sites/v/index.jsp?vgnextchannel=ca9671ee4a9eb410VgnVCM100000171f5a0aRCRD&vgnextoid=1d3bbc6b7dbc4910VgnVCM1000001d4a900aRCRD,28025,"CALLE GENERAL RICARDOS 252, VistaAlegre, Carabanchel",11:00,Biblioteca Pública Municipal La Chata (Carabanchel),2025-02-04,2025-05-20,Madrid
259,Tertulias de filosofía,http://www.madrid.es/sites/v/index.jsp?vgnextchannel=ca9671ee4a9eb410VgnVCM100000171f5a0aRCRD&vgnextoid=6626ce6dde131910VgnVCM1000001d4a900aRCRD,28053,"CALLE PUERTO DEL MONASTERIO 1, SanDiego, PuenteDeVallecas",10:00,Biblioteca Pública Municipal Vallecas (Puente de Vallecas),2024-10-04,2025-05-30,Madrid
260,"Tertulias de viajes: escucha, intercambia y comparte experiencias",http://www.madrid.es/sites/v/index.jsp?vgnextchannel=ca9671ee4a9eb410VgnVCM100000171f5a0aRCRD&vgnextoid=3d7f28cb84672910VgnVCM2000001f4a900aRCRD,28017,"CALLE ASCAO 4, PuebloNuevo, CiudadLineal",10:00,Biblioteca Pública Municipal Pablo Neruda (Ciudad Lineal),2024-10-30,2025-05-21,Madrid
261,Tertulias en francés,http://www.madrid.es/sites/v/index.jsp?vgnextchannel=ca9671ee4a9eb410VgnVCM100000171f5a0aRCRD&vgnextoid=f7fc27a924b41910VgnVCM2000001f4a900aRCRD,28004,"CALLE BARCELO 4, Justicia, Centro",19:00,Biblioteca Pública Municipal Mario Vargas Llosa (Centro),2024-09-24,2025-06-10,Madrid
262,Tertulias en Inglés,http://www.madrid.es/sites/v/index.jsp?vgnextchannel=ca9671ee4a9eb410VgnVCM100000171f5a0aRCRD&vgnextoid=73e6dc1e00af4910VgnVCM2000001f4a900aRCRD,28031,"CALLE MONTE AYA 12, CascoHistoricoVallecas, VillaDeVallecas",19:00,Biblioteca Pública Municipal Gerardo Diego (Villa de Vallecas),2025-01-13,2025-05-26,Madrid
263,Tertulias en Inglés,http://www.madrid.es/sites/v/index.jsp?vgnextchannel=ca9671ee4a9eb410VgnVCM100000171f5a0aRCRD&vgnextoid=fa7248a5e0d84910VgnVCM1000001d4a900aRCRD,28019,"CALLE ISAAC ALBENIZ 1, SanIsidro, Carabanchel",19:00,Biblioteca Pública Municipal Ana María Matute (Carabanchel),2025-01-23,2025-05-29,Madrid
264,Tertulias en Inglés,http://www.madrid.es/sites/v/index.jsp?vgnextchannel=ca9671ee4a9eb410VgnVCM100000171f5a0aRCRD&vgnextoid=ae6016630a815910VgnVCM2000001f4a900aRCRD,28038,"CALLE CANTALAPIEDRA 11, Numancia, PuenteDeVallecas",11:00,Biblioteca Pública Municipal Portazgo (Puente de Vallecas),2025-02-04,2025-06-17,Madrid
265,Tertulias en Inglés,http://www.madrid.es/sites/v/index.jsp?vgnextchannel=ca9671ee4a9eb410VgnVCM100000171f5a0aRCRD&vgnextoid=1ad33527bea41910VgnVCM1000001d4a900aRCRD,28041,"AVENIDA SAN FERMIN 10, SanFermin, Usera",19:00,Biblioteca Pública Municipal San Fermín (Usera),2024-10-02,2025-06-18,Madrid
266,Tertulias en Inglés,http://www.madrid.es/sites/v/index.jsp?vgnextchannel=ca9671ee4a9eb410VgnVCM100000171f5a0aRCRD&vgnextoid=ed0f5ab3b2f64910VgnVCM1000001d4a900aRCRD,28030,"CALLE ARROYO BELINCOSO 11, MediaLegua, Moratalaz",18:30,Biblioteca Pública Municipal Miguel Delibes (Moratalaz),2025-01-17,2025-05-30,Madrid
267,Tertulias en Inglés (infantil),http://www.madrid.es/sites/v/index.jsp?vgnextchannel=ca9671ee4a9eb410VgnVCM100000171f5a0aRCRD&vgnextoid=eec46c112bc41910VgnVCM2000001f4a900aRCRD,28053,"CALLE PUERTO DEL MONASTERIO 1, SanDiego, PuenteDeVallecas",18:00,Biblioteca Pública Municipal Vallecas (Puente de Vallecas),2024-09-25,2025-06-11,Madrid
268,"Top Secret: aventuras, sueños y mentiras",http://www.madrid.es/sites/v/index.jsp?vgnextchannel=ca9671ee4a9eb410VgnVCM100000171f5a0aRCRD&vgnextoid=9afd87330c444910VgnVCM1000001d4a900aRCRD,28045,"PLAZA LEGAZPI 8, Chopera, Arganzuela",,Matadero Madrid,2025-01-26,2025-03-16,Madrid
269,Triatlón por Madrid,http://www.madrid.es/sites/v/index.jsp?vgnextchannel=ca9671ee4a9eb410VgnVCM100000171f5a0aRCRD&vgnextoid=4e703104e46fa710VgnVCM1000001d4a900aRCRD,28011,"PASEO PUERTA DEL ANGEL 7, CasaCampo, Moncloa-Aravaca",00:00,Centro Deportivo Municipal Casa de Campo,2024-09-01,2025-06-30,Madrid
270,Triatlón por Madrid,http://www.madrid.es/sites/v/index.jsp?vgnextchannel=ca9671ee4a9eb410VgnVCM100000171f5a0aRCRD&vgnextoid=86742bbbbdc89810VgnVCM2000001f4a900aRCRD,28042,"AVENIDA LOGROÑO 70, AlamedaOsuna, Barajas",00:00,Centro Deportivo Municipal Barajas,2024-09-01,2025-06-30,Madrid
271,Triatlón por Madrid,http://www.madrid.es/sites/v/index.jsp?vgnextchannel=ca9671ee4a9eb410VgnVCM100000171f5a0aRCRD&vgnextoid=f7df3104e46fa710VgnVCM1000001d4a900aRCRD,28031,"CALLE CERRO DE ALMODOVAR 9, SantaEugenia, VillaDeVallecas",00:00,Centro Deportivo Municipal Cerro Almodóvar,2024-09-01,2025-06-30,Madrid
272,Trópico sin tópico: Amazonas,http://www.madrid.es/sites/v/index.jsp?vgnextchannel=ca9671ee4a9eb410VgnVCM100000171f5a0aRCRD&vgnextoid=517b08502f864910VgnVCM1000001d4a900aRCRD,28014,"PLAZA CIBELES 1, LosJeronimos, Retiro",,CentroCentro,2025-02-13,2025-06-22,Madrid
273,"Tú, yo y el mundo. La Colmena",http://www.madrid.es/sites/v/index.jsp?vgnextchannel=ca9671ee4a9eb410VgnVCM100000171f5a0aRCRD&vgnextoid=7f6402a2fa0e1910VgnVCM1000001d4a900aRCRD,28015,"CALLE CONDE DUQUE 9, Universidad, Centro",,Centro de Cultura Contemporánea Conde Duque,2024-10-08,2025-05-27,Madrid
274,Una mirada a través del tiempo,http://www.madrid.es/sites/v/index.jsp?vgnextchannel=ca9671ee4a9eb410VgnVCM100000171f5a0aRCRD&vgnextoid=b2c423122abc4910VgnVCM1000001d4a900aRCRD,28022,"CALLE MARIA SEVILLA DIAGO 15, Rosas, SanBlas-Canillejas",,Biblioteca Pública Municipal José Hierro (San Blas-Canillejas),2025-02-03,2025-03-28,Madrid
275,Valerosas,http://www.madrid.es/sites/v/index.jsp?vgnextchannel=ca9671ee4a9eb410VgnVCM100000171f5a0aRCRD&vgnextoid=282664926f415910VgnVCM1000001d4a900aRCRD,0,No disponible,12:00,No disponible,2025-03-02,2025-03-02,Madrid
276,Vida,http://www.madrid.es/sites/v/index.jsp?vgnextchannel=ca9671ee4a9eb410VgnVCM100000171f5a0aRCRD&vgnextoid=f2edddd487835910VgnVCM1000001d4a900aRCRD,28015,"CALLE CONDE DUQUE 9, Universidad, Centro",08:30,Biblioteca Pública Municipal Benito Pérez Galdós (Centro),2025-03-01,2025-03-31,Madrid
277,Vida del Palacio de Cibeles,http://www.madrid.es/sites/v/index.jsp?vgnextchannel=ca9671ee4a9eb410VgnVCM100000171f5a0aRCRD&vgnextoid=df2b06e5faa72910VgnVCM1000001d4a900aRCRD,28014,"PLAZA CIBELES 1, LosJeronimos, Retiro",,CentroCentro,2024-10-11,2025-10-13,Madrid
278,"Villaverde Alto. Actuación Infantil, Concurso de Disfraces y Orquesta Crystal",http://www.madrid.es/sites/v/index.jsp?vgnextchannel=ca9671ee4a9eb410VgnVCM100000171f5a0aRCRD&vgnextoid=9f232e655eaf4910VgnVCM1000001d4a900aRCRD,0,No disponible,19:30,No disponible,2025-03-01,2025-03-01,Madrid
279,Villaverde Alto. Desfile de Carnaval,http://www.madrid.es/sites/v/index.jsp?vgnextchannel=ca9671ee4a9eb410VgnVCM100000171f5a0aRCRD&vgnextoid=b70838dd54af4910VgnVCM2000001f4a900aRCRD,0,No disponible,18:00,No disponible,2025-03-01,2025-03-01,Madrid
280,Villaverde Bajo. Concurso de Disfraces y Pasacalles,http://www.madrid.es/sites/v/index.jsp?vgnextchannel=ca9671ee4a9eb410VgnVCM100000171f5a0aRCRD&vgnextoid=87042e655eaf4910VgnVCM1000001d4a900aRCRD,0,No disponible,17:30,No disponible,2025-03-01,2025-03-01,Madrid
281,"Visita a la exposición permanente Maris Stella, un sueño de todos'",http://www.madrid.es/sites/v/index.jsp?vgnextchannel=ca9671ee4a9eb410VgnVCM100000171f5a0aRCRD&vgnextoid=f745ce5179e61910VgnVCM1000001d4a900aRCRD,28026,"CALLE DOCTOR TOLOSA LATOUR 16, Pradolongo, Usera",,Centro de Educación Ambiental y Cultural Maris Stella (Usera),2024-08-20,2025-03-31,Madrid
282,Visitas a Matadero,http://www.madrid.es/sites/v/index.jsp?vgnextchannel=ca9671ee4a9eb410VgnVCM100000171f5a0aRCRD&vgnextoid=0d3cc39a88fb5810VgnVCM1000001d4a900aRCRD,28045,"PLAZA LEGAZPI 8, Chopera, Arganzuela",,Matadero Madrid,2024-09-09,2025-07-07,Madrid
283,Visitas a Matadero para grupos,http://www.madrid.es/sites/v/index.jsp?vgnextchannel=ca9671ee4a9eb410VgnVCM100000171f5a0aRCRD&vgnextoid=7aee08f9be116810VgnVCM1000001d4a900aRCRD,28045,"PLAZA LEGAZPI 8, Chopera, Arganzuela",,Matadero Madrid,2023-02-02,2027-02-04,Madrid
284,Visitas dialogadas. Fuentesal Arenillas e Itziar Okariz «CARRUSEL»,http://www.madrid.es/sites/v/index.jsp?vgnextchannel=ca9671ee4a9eb410VgnVCM100000171f5a0aRCRD&vgnextoid=9b3fba93a70e4910VgnVCM1000001d4a900aRCRD,28015,"CALLE CONDE DUQUE 9, Universidad, Centro",,Centro de Cultura Contemporánea Conde Duque,2025-02-28,2025-05-18,Madrid
285,Visitas guiadas a CentroCentro,http://www.madrid.es/sites/v/index.jsp?vgnextchannel=ca9671ee4a9eb410VgnVCM100000171f5a0aRCRD&vgnextoid=a9dbd981f4ab5810VgnVCM1000001d4a900aRCRD,28014,"PLAZA CIBELES 1, LosJeronimos, Retiro",,CentroCentro,2024-04-01,2030-01-01,Madrid
286,Visitas guiadas a las exposiciones de CentroCentro,http://www.madrid.es/sites/v/index.jsp?vgnextchannel=ca9671ee4a9eb410VgnVCM100000171f5a0aRCRD&vgnextoid=da941a577f8f4910VgnVCM1000001d4a900aRCRD,28014,"PLAZA CIBELES 1, LosJeronimos, Retiro",,CentroCentro,2025-02-11,2025-06-01,Madrid
287,Visitas guiadas con música en directo,http://www.madrid.es/sites/v/index.jsp?vgnextchannel=ca9671ee4a9eb410VgnVCM100000171f5a0aRCRD&vgnextoid=bf7c23122abc4910VgnVCM1000001d4a900aRCRD,28014,"CALLE ALAMEDA 15, Cortes, Centro",,Espacio Cultural Serrería Belga,2025-02-08,2025-03-09,Madrid
288,Wikiesfera &gt; Aprendiendo a editar en Wikipedia,http://www.madrid.es/sites/v/index.jsp?vgnextchannel=ca9671ee4a9eb410VgnVCM100000171f5a0aRCRD&vgnextoid=28be106762794910VgnVCM1000001d4a900aRCRD,28045,"PASEO CHOPERA 14, Chopera, Arganzuela",18:00,Medialab Matadero,2025-01-29,2025-03-27,Madrid
289,"Y tú, ¿cómo viajas?",http://www.madrid.es/sites/v/index.jsp?vgnextchannel=ca9671ee4a9eb410VgnVCM100000171f5a0aRCRD&vgnextoid=1647417016603910VgnVCM1000001d4a900aRCRD,28037,"CALLE HERMANOS GARCIA NOBLEJAS 14, PuebloNuevo, CiudadLineal",10:00,Biblioteca Pública Municipal Ciudad Lineal (Ciudad Lineal),2024-12-04,2025-05-28,Madrid
290,Yoga para el buen trato II,http://www.madrid.es/sites/v/index.jsp?vgnextchannel=ca9671ee4a9eb410VgnVCM100000171f5a0aRCRD&vgnextoid=875e1105afad4910VgnVCM2000001f4a900aRCRD,28045,"PASEO CHOPERA 10, Chopera, Arganzuela",18:00,Espacio de Igualdad Juana Doña. Arganzuela,2025-02-18,2025-03-11,Madrid
291,'El viaje de Leo' de Brunhilde Róman Ibáñez,http://www.madrid.es/sites/v/index.jsp?vgnextchannel=ca9671ee4a9eb410VgnVCM100000171f5a0aRCRD&vgnextoid=12e10b66b8735910VgnVCM1000001d4a900aRCRD,28005,"CALLE SAN JUSTO 5, Palacio, Centro",12:00,Biblioteca Pública Municipal Iván de Vargas (Centro),2025-03-02,2025-03-02,Madrid
292,'Lina en el mundo de Paul Klee' por Alejandra Bonmatí Arnau,http://www.madrid.es/sites/v/index.jsp?vgnextchannel=ca9671ee4a9eb410VgnVCM100000171f5a0aRCRD&vgnextoid=e478ce5f1ccc4910VgnVCM2000001f4a900aRCRD,28029,"AVENIDA MONFORTE DE LEMOS 38, ElPilar, Fuencarral-ElPardo",08:30,Biblioteca Pública Municipal José Saramago (Fuencarral-El Pardo),2025-02-04,2025-03-25,Madrid
293,'Refugiados' por Myriam Laguía,http://www.madrid.es/sites/v/index.jsp?vgnextchannel=ca9671ee4a9eb410VgnVCM100000171f5a0aRCRD&vgnextoid=239617d42cad4910VgnVCM1000001d4a900aRCRD,28019,"CALLE ISAAC ALBENIZ 1, SanIsidro, Carabanchel",19:00,Biblioteca Pública Municipal Ana María Matute (Carabanchel),2025-02-14,2025-03-13,Madrid
294,¡Ahora nos toca jugar! Juegos de mesa,http://www.madrid.es/sites/v/index.jsp?vgnextchannel=ca9671ee4a9eb410VgnVCM100000171f5a0aRCRD&vgnextoid=536b470052eb2910VgnVCM2000001f4a900aRCRD,28043,"CALLE MATAPOZUELOS 2, Canillas, Hortaleza",11:00,Espacio de Igualdad Carme Chacón. Hortaleza,2025-01-03,2025-03-28,Madrid
